commit_time,count,commit_hash
"2025-07-06 09:38:41",105,f8a34f94d9e02dc9347f4693340a23c2f00ca07d
"2025-07-06 09:45:03",108,221a9860c2fe61b447ac66f31b446ca6f557eaa6
"2025-07-06 09:55:04",110,ba5781aef7d735b3a1ad80ec14266b203e1c582b
"2025-07-06 10:05:04",118,5e346dda5c61461ade291fa25deef775b434a459
"2025-07-06 10:15:03",121,5fbd4eacf75b1d3cf1192fb04ccfeeb167e4d5e6
"2025-07-06 10:25:04",123,f564b0d6851aa1f0c1c162702272a7f1c1f1253f
"2025-07-06 10:35:03",128,62f270c44c76006e256413445874961248322a92
"2025-07-06 10:45:04",132,d62261dab717dca0e61fff914a7ec552f23a2c88
"2025-07-06 10:55:04",138,aed204ad84bda767664e7f24bcc646ad8299f896
"2025-07-06 11:05:04",145,8e009b6b44f0c80768f59f72fbc2df8f3c359fcb
"2025-07-06 11:15:03",151,f1ebfdad552dab91df7c74a3a5042a697622a881
"2025-07-06 11:25:04",157,7233a4bf03d81fcf900144acaebd9a9f87126258
"2025-07-06 11:35:04",166,895d9afc570e8e97f55c3a124bd3273f07670a46
"2025-07-06 11:45:04",175,494999b92c64b2350c149c7139cc552211b0c75b
"2025-07-06 11:55:04",182,45c73eb22e1658322fa024d02dd95efcd209f75a
"2025-07-06 12:05:03",188,285f40b1bd40e10f70e404f5a600cb11228577f4
"2025-07-06 12:15:04",204,40b9e9b032d50b90c96463046cdfc1e3fc4bc5a0
"2025-07-06 12:25:04",214,47a5b8610b470c7c38e405e98f519c5a7cc379b3
"2025-07-06 12:35:04",226,de7f4aca400e7ee11ef3938639fe1bbd156812b2
"2025-07-06 12:45:04",241,c71b89df4fcddc9358d96affe0c3f1777ae615e8
"2025-07-06 12:55:03",256,b32a96a0766420c4e0f8b310960469cb992cb93e
"2025-07-06 13:05:04",270,b1e84377425c78c482b67a84ef9493257612ade3
"2025-07-06 13:15:04",289,fd337f8f363a0051edd9a73442f8833590ee9fa4
"2025-07-06 13:25:04",306,ebe36d52150afb620891dc2a2dee9bd9d34b9f78
"2025-07-06 13:35:04",323,1afcfb9e361ea1819b65d6ee715973b4ef0c0220
"2025-07-06 13:45:04",343,4f282ed377b52317a5b7258046036820084cf656
"2025-07-06 13:55:04",364,2300fa9372c1088810802f2e57808210275c4d30
"2025-07-06 14:05:04",389,4b39937728b422f82bb94b8aca1438d9eda51c17
"2025-07-06 14:15:04",422,6ea450f35f441cc64e9d63cfa614183a8e8249f7
"2025-07-06 14:25:04",454,1da5e815b3edffe75eeb740329b18f099a3b3227
"2025-07-06 14:35:04",488,3c8e144a8c5150e8fa16b2d17c796757789e2782
"2025-07-06 14:45:04",515,14b3a9f5badf1bf8917e1d6adc1ed528c35b2005
"2025-07-06 14:51:04",541,8ec9108d519358a0aa57e5d6ddbd5f86dcc9a200
"2025-07-06 15:01:04",571,4290d8d68282feae83a419f0dfa7902bcbcabaf2
"2025-07-06 15:11:04",596,b6a655431a355a441c11e69f6e1a2ddec22bd786
"2025-07-06 15:21:04",641,781d78634d5f3485a41f8d5ab4e16734dc02ebd8
"2025-07-06 15:31:04",676,8ff6266cccd8f64f50681d3fac39e54786150dca
"2025-07-06 15:41:04",725,f6f5f36dc0bc20a1c45e39f61b67161dbd223862
"2025-07-06 15:51:04",756,898b01b2bdfac0459c9b646e877ec0961f5688c9
"2025-07-06 16:01:04",795,a47a29597e5d58ee3d418379fb35a32973d04147
"2025-07-06 16:11:04",834,0458f7b6139744c57cebcf1da767352bb3d6b021
"2025-07-06 16:21:04",884,20f425818f323a69b704a9f1eb6b6a4a7bbe1270
"2025-07-06 16:31:04",930,c77731512be44708f987f8582e16dfac1dc9aac1
"2025-07-06 16:41:04",958,a8622f37d99009231ea3856d841bb6056daa766a
"2025-07-06 16:51:04",1015,3645e5bb245f33b71d4e3b2b340ea26e8fb4c01d
"2025-07-06 17:01:04",1061,815352ce6fbc32c1a35183e4cf01a3de5e6b6ce0
"2025-07-06 17:11:04",1098,f69e7cad08b3d17cce183343a112b141fa76c541
"2025-07-06 17:21:04",1145,edf170d14d77c5415dc2b7af24d04632a14a138c
"2025-07-06 17:31:04",1180,f0cf5a83a0e9e14e87443f569e9b8d9a3fbcf286
"2025-07-06 17:41:04",1214,839707c37d0a2b933e02d640e4dbd0de1037a9b9
"2025-07-06 17:51:04",1248,d4c311ebf2a380d2de59f4015b177559642f6506
"2025-07-06 18:01:04",1303,4c9d7af836558bdea767ea41226b1e7bc39ba445
"2025-07-06 18:11:04",1345,832a5e9af6d84b37fb9af662cee26ad292894315
"2025-07-06 18:21:04",1374,4dbe678ebaf502ffa46dc22107afe4384a2b53a8
"2025-07-06 18:31:04",1409,e9f429593c3d39a7c38dd2bf65317e96fbb88cbb
"2025-07-06 18:41:04",1443,e85543641b13fda14d349c1001674ee3736020b9
"2025-07-06 18:51:04",1467,bff5d5a4045bd08024349dd69650ae1e62421cd2
"2025-07-06 19:01:04",1486,09f3adfc929bc3db4a83c8eeb12c44b161460571
"2025-07-06 19:11:04",1507,ddabccf15d4e4358b6f319bd555b49f5704c8566
"2025-07-06 19:21:04",1526,670e91825b27265536fee48508a3f6e8173fac1c
"2025-07-06 19:31:04",1540,fb48c4ea7118499057b4a48e00d11296733b681f
"2025-07-06 19:41:04",1560,c29d035fcc51f70b1651e495cd708dae93302a72
"2025-07-06 19:51:04",1577,e2a3d94d522b79c83a8e55f4bef60f63d7556c05
"2025-07-06 20:01:04",1602,4a3b25315c0a9bb91f41e0bcfc4121860fc3f561
"2025-07-06 20:11:04",1625,1aa0a2f38d3790f7a3f2ac1d898bab853ebf24c4
"2025-07-06 20:21:04",1645,692f26d46fb530fc73ab0b8b9aa6fcaf788720e6
"2025-07-06 20:31:05",1658,ebf7ffee3bf67c91b3491dedec6ae12e8d547b67
"2025-07-06 20:41:04",1672,fc2b7f16f86bc6497bbe58af279532c8d8627ce4
"2025-07-06 20:51:04",1683,56078dcc9fcb42244daad6c48778c8252b26c59b
"2025-07-06 21:01:04",1695,bad4dfaf5ec9ee93e7c04059261882291951dd83
"2025-07-06 21:11:04",1707,5197d567f8c7c9e22ffd45edbae18e98a4ecc9f6
"2025-07-06 21:21:04",1716,3e24df9a77ce7c432b45fb9a6e931c311324f726
"2025-07-06 21:31:04",1731,5a4895f4792f3507207ca0df19c543fba396ae4a
"2025-07-06 21:41:04",1748,4c97480812cb289882f5b4654aa04cc84b074dbd
"2025-07-06 21:51:04",1767,06923ca4afab7fd41aad6412c1295f1322667026
"2025-07-06 22:01:04",1787,7ee96bec647a2a2a69ea1d9f5e069c2e7b5408e8
"2025-07-06 22:11:04",1819,92fe75e8c528bb1443ddfbe7c4208f4a4b779807
"2025-07-06 22:21:04",1857,be47a48153a00ebcd67406ad71795c5aaa72e28b
"2025-07-06 22:31:04",1889,5a84ac81a34c8aca59084220f90d72d210a2b34d
"2025-07-06 22:41:05",1924,deea9a2d6a8562781892cfa716378be7b24983af
"2025-07-06 22:51:05",1959,ff79b1768810451d5416ff7817526f06e33482e8
"2025-07-06 23:01:05",1987,1469bb7fd4eb356a562709c8514adf7fb6f2c61d
"2025-07-06 23:11:05",2014,fea092de26aed55a6ff74a84830c5abb41513576
"2025-07-06 23:21:04",2049,1714a46f06042f81458142e776495d1708da4f0b
"2025-07-06 23:31:04",2091,6dc1f47b5a4eaf5bea0687444a21cb278533ed4c
"2025-07-06 23:41:04",2143,3cd7439bbabe8518ee328b25929bd817a74300ff
"2025-07-06 23:51:04",2205,5d2a9d80cf7643df824ac58c56f838463838c4b4
"2025-07-07 00:01:05",2271,038c1c9789d47e041018c2cedee2f7abaf8cba5f
"2025-07-07 00:11:05",2332,0adf3d74cc7ddbe027fcba39f984d739eec7bc7d
"2025-07-07 00:21:04",2400,1f3e4b21f91041417a21f78749354bb9f8d6559e
"2025-07-07 00:31:04",2468,ee6b5f01cc6ac3458bb040bf46a8bcdc52c21b9d
"2025-07-07 00:41:05",2561,409df7a38302c2619073999e34f9c2ee80a635d8
"2025-07-07 00:51:05",2654,2ba8800462e2ae0cf82e105c447e29a4dcdcc4ea
"2025-07-07 01:01:04",2746,c5bbf6a40d0b9919f0356ff5ab0755cf98ffbe66
"2025-07-07 01:11:04",2852,9c9a66d51fe285024c09a5db6b81656ced12fd91
"2025-07-07 01:21:04",2950,217a6ab1601a5fd8aba2a84bbc2e77558540d1da
"2025-07-07 01:31:05",3058,b0dbbf6d3565524ffee58ebcec454926e6f091ca
"2025-07-07 01:41:05",3171,c143e0271a2579774542590374dfe780699aef7c
"2025-07-07 01:51:04",3255,7221a6656267ace38be48a08d6b8fca5b279aee9
"2025-07-07 02:01:16",3340,529d6e73383787c56aa0641ba45893b05f42527b
"2025-07-07 02:11:05",3427,e2ed818c3d3f60c4c4837c0fbc36f1d7b5951db0
"2025-07-07 02:21:05",3504,2156b0136f9625f74c25f59307aa5efcc21d51b9
"2025-07-07 02:31:04",3582,9d9e8e6b2c71d487314f2a42a671fed0c44a6c80
"2025-07-07 02:41:04",3649,856604076d1480b0997da0e57b3a50b0d4aa9105
"2025-07-07 02:51:05",3718,cc01bb82ddc4983652989dfef19705e5eeca9ca8
"2025-07-07 03:01:05",3817,c7ea085e721665042d8c0cd447fbd7453dcd02eb
"2025-07-07 03:11:04",3911,3011ff52d32eb9f3912267c4ed2f31a0d41e9771
"2025-07-07 03:21:05",4022,ca15197c8c2b47014eb7970f4a91d0c24864895f
"2025-07-07 03:31:05",4110,2233bee7b629a68d3ec3b8cea169ba41a2d7c4e3
"2025-07-07 03:41:05",4192,42bb1b26663e5cb25af5b0cbfefef0699fe43dec
"2025-07-07 03:51:05",4279,d84482633543c7f54276808ed7b065c3ac4b70c0
"2025-07-07 04:01:05",4347,614e7f193b60b5d4a333075963983acbe4a69b17
"2025-07-07 04:11:04",4422,e6b4f014270e73cc57bc5920c872ba2390184221
"2025-07-07 04:21:05",4482,b54f6628f373e2656cd2a8718e83ee9d93ccfae5
"2025-07-07 04:31:06",4525,ddd563ef88bf05063e579af10c3beb3d20326974
"2025-07-07 04:41:05",4575,440b0f2af7e0ea0257814dbee73c53e8689e14da
"2025-07-07 05:01:04",4618,0c811f87cb03ff45e0af3c3219e4cf41526bb839
"2025-07-07 05:11:05",4698,db45f1ee287c6a22f9a37d4abf467b0a2f1e1af1
"2025-07-07 05:21:05",4750,db0f3a79d9891633503f421f1eb74e153b164df9
"2025-07-07 05:41:05",4790,e1d7f4ace5d61d5f6a24f21d547cfb1dc21077e8
"2025-07-07 05:51:04",4865,67c5f92495c34bb536b82951b03df079a0fc335e
"2025-07-07 06:01:06",4909,31dee27fd5ea745f5fba0d9103559e9b7c710599
"2025-07-07 06:11:05",4958,74197f7a8520001c5c279b33b053480f4310e2aa
"2025-07-07 06:21:05",5006,609ae826e2c2a3740e4d84241d5b88c5d8fbb0bf
"2025-07-07 06:31:05",5046,e9c75b5e70fec9db5f9ab4797065ae524bd728f4
"2025-07-07 06:41:05",5083,6769f14bbe07a2bfc0e6fe20b74eadac71fa1658
"2025-07-07 06:51:05",5124,56f92385bb0471e58f9a0fcbae559185bfa00ca5
"2025-07-07 07:11:05",5160,54d99c86d6e9a4fdb4843fd213a96baac4c31ef1
"2025-07-07 07:21:04",5193,9e5b00bcda697d09c64ff4b8744a453c55bfe8ea
"2025-07-07 07:31:05",5244,b47e0af5ef105dacbe06cda2a65da11715523beb
"2025-07-07 07:41:05",5277,a25062d86169d12f79c76951388201f1fd8f793a
"2025-07-07 07:51:05",5309,ec0e5eb891c2ad4474843e60252bd762c3436665
"2025-07-07 08:01:05",5347,257d7a22acdc122f2d1b09cf6ce4beafa73e8516
"2025-07-07 08:11:05",5411,ca913789b2c38ed033565e0e01c27051a3f601a7
"2025-07-07 08:21:04",5445,4b74bf89ecd4dd0aa00a029755a580fad43a2c90
"2025-07-07 08:31:05",5472,59f39eac4f108124723f2983999088a73846bd0d
"2025-07-07 08:51:05",5502,252470973527fc9b4aa00a28d47c886ffbde3ac6
"2025-07-07 09:01:05",5558,b3742ee45de12a4b798f63217e77fdbd9640837c
"2025-07-07 09:21:05",5607,58543f6d4f94e44cedecb08fc66487fe8b70592a
"2025-07-07 09:41:05",5619,9581d732daf3339fd95f55956f898d9d56d0ce08
"2025-07-07 09:51:05",5641,1db6a00aa17372bc4ef599b42b8804838dd4fa6f
"2025-07-07 10:01:05",5669,8faaeb1457f38ec157c3e8a34d50bca216552f5d
"2025-07-07 10:11:05",5688,db00bf3e34d6696286845e35ccb8dd66c2e92e1e
"2025-07-07 10:21:05",5741,e4976427ad0bb94ec0afa0c4fcfda6386fe42582
"2025-07-07 10:41:05",5776,b0945ee687bf49b46d4b80bf045f6d7cc8399d9c
"2025-07-07 10:51:04",5800,59cd331a5c621b6bea8a84f6041c34a8ffcdac63
"2025-07-07 11:01:05",5840,3d2252fed5864a44e269abce0da633d86adfbfae
"2025-07-07 11:21:05",5850,8aab6eee34747420fccef2c871ab8e691e50c556
"2025-07-07 11:31:08",5876,57b2ab2667dfb1620c4b053043da222631facb06
"2025-07-07 11:41:05",5897,4074273bff599d2ee752b0dd31b0e258318e8e94
"2025-07-07 12:01:05",5905,6bbb9805ef0582fe7eeb0e127922ac25d7d76854
"2025-07-07 12:11:05",5920,f24f681b0b6bde9bb8f9ecd512d1aa07fb824c52
"2025-07-07 12:21:05",5930,a10cd38c2be9a8460b5c6191bed2cdf8a6202003
"2025-07-07 12:31:05",5942,d8fffe7f37df80891eae5ca65838add755abe1aa
"2025-07-07 12:41:05",5956,4a961ef3762b70382a73317568362269cc27d5aa
"2025-07-07 12:51:05",5964,150cbacd7903ea58e71e27cb5c6e0922fb9bd1db
"2025-07-07 13:01:05",5972,6c9bfc676e0a857126c45be05158ae605a9bd437
"2025-07-07 13:11:05",5982,c1fc2511e932ba91b22146d189c41c2b2e1105af
"2025-07-07 13:21:05",5999,16cf61ed90144b3968f45575a69f344a1e536ec4
"2025-07-07 13:31:05",6013,021b8d3fffc4e3bf44e3b2ab2158bee7029dbfd5
"2025-07-07 13:41:05",6027,4ec644ff8382828fb92daa4615f02e9f3eec6a79
"2025-07-07 13:51:05",6037,2ee9aeadffcf3212da977ecbb66860f722747391
"2025-07-07 14:01:05",6050,d725de5f02e3bfad38e2c949cf39520ace219749
"2025-07-07 14:11:05",6055,22d57773d511ef86003c12a2e108c2fec9cf2667
"2025-07-07 14:21:05",6061,b387ed96058e6c500ed1d1e98fd775dbdcc07def
"2025-07-07 14:31:05",6068,18dad271d96ff30494f68cccb1cc2a145dbb79df
"2025-07-07 14:41:05",6074,26a8350f481b3d74beb03328dcc607c97895c3f7
"2025-07-07 14:51:05",6081,a4fb8fabf3985b4da719b97fb6aec9763176fef9
"2025-07-07 15:01:05",6091,1f70173bc35644ab982a75e610db7883d4f5c579
"2025-07-07 15:11:05",6100,133ef628088274e994fc5603a297241c6ad9ec04
"2025-07-07 15:21:05",6106,40089daf146ee0a777c3bba25e1522a4bf35414b
"2025-07-07 15:31:05",6109,815ad973bc9c9a6b9c66a8de9ef621c28c09d42d
"2025-07-07 15:41:05",6115,edae59cae03484b53343c2e1018bb1fc3943fd34
"2025-07-07 15:51:05",6115,3804cf14a8e31588c9157edfa3ebe1072b85297a
"2025-07-07 16:01:05",6116,124842739ae326a5b1746f994854fbbe1dabf602
"2025-07-07 16:11:05",6118,a86d88d3df0f978ec4e6b0a0aed4b98f1cbc1729
"2025-07-07 16:21:05",6122,7b73649ea0bc5f98d450402e9cff480cf407b298
"2025-07-07 16:31:05",6125,61eda113f49bc193da439f0a7c0594be439e6ef9
"2025-07-07 16:41:04",6129,3b9333277f623671c2e9e5e1789c8237df58dbcd
"2025-07-07 16:51:06",6132,8a31db088dabfc0eb9e44e107897fdb76f0cfb2e
"2025-07-07 17:01:05",6132,17feb6a80841db35cc1ad60dd0fa0c0366f8d369
"2025-07-07 17:11:05",6136,1cae4f570541bfb4817a3f657eea1e3d94d4b99d
"2025-07-07 17:21:05",6136,eb7d3b2f388bff4fec532ec158bde71ae27eb1eb
"2025-07-07 17:31:05",6139,29c3c2d86a62849faba97e5804be9804998d70ef
"2025-07-07 17:41:05",6147,6d99aed86ceae7ee544da3f0625fb3c20540db8f
"2025-07-07 17:51:05",6147,fd4ba973e10d0f3d93476399bdb8be77b59eb8ae
"2025-07-07 18:01:05",6148,2aa821ef9610be1d01306db8a1eec0a34bddd71b
"2025-07-07 18:11:05",6148,c1549d2d07e043f167e4c6a15fa24b1b7eda70a0
"2025-07-07 18:21:05",6148,c0c2666333331ff10a8badc4d2b40ddabe2f0c4d
"2025-07-07 18:31:05",6148,94c084128545481fa4525099935083d1c302c7e9
"2025-07-07 18:41:04",6148,d29f4ad81f6e99cb90cb2e9973569901c6dfb1f4
"2025-07-07 19:01:05",6149,7bdce7ceaad6230d28787891eb045dae6432b1b1
"2025-07-07 19:11:05",6149,ad54bd00fb7cb3cc8df585af2c474c5e94bd5d43
"2025-07-07 19:21:05",6150,0a6660326fa3f6c4927dba07c6dcbbc72c5d2ecd
"2025-07-07 19:31:05",6151,c09392d6f2fa215cfbb95419a804559e8dfa3a9c
"2025-07-07 19:41:05",6152,e7b2f6e952110e2e917d397ee1507803faaf9c2a
"2025-07-07 19:51:05",6152,4e79ecbfd301b2641231938eecfadecc36858837
"2025-07-07 20:01:05",6153,a56cd3c80bed64e22813937588bd8d6c507e78b3
"2025-07-07 20:31:08",6154,f9336b34e29b37465b05282229dc279720e576ef
"2025-07-07 20:41:05",6158,b9a7c7f50c1efa970da41f99dd865c51f2a7bb81
"2025-07-07 20:51:05",6162,450246d73914003780cff6a6cd9d9eda0cf98dbb
"2025-07-07 21:01:05",6169,a314ba4856399db27409758d3e1823f0a6267bc9
"2025-07-07 21:11:05",6171,60a989be08fde20f5c4d27448292ad731f90b896
"2025-07-07 21:21:05",6174,a359a91ba3534c6da6df58053eda02a864a01c17
"2025-07-07 21:31:05",6174,f0236827a4009ed8a5ed7fdaef88a0cb60ef6d01
"2025-07-07 21:41:05",6175,ee565807e9a773fa5142eb272fabfe3ef4b94872
"2025-07-07 21:51:05",6178,8500268fc7b763bfbd7c598056e3d469324bde5e
"2025-07-07 22:01:05",6180,9ed11c1df5061b1411e6e50264e29c67ca548025
"2025-07-07 22:11:05",6182,95385c4a75c8441010841ccfde93f779ab5b2060
"2025-07-07 22:21:05",6184,212ee1945d696894c8afa59af43a5b5be7e59783
"2025-07-07 22:31:05",6185,f9d20695baede01fdedcf73fcfdcc5c0ffba25b9
"2025-07-07 22:41:07",6189,78d6b6c5e728e932713624cab2708549d907f97e
"2025-07-07 22:51:05",6193,ddc220ad901c5c3d5b95e144dcb44179b335db98
"2025-07-07 23:01:05",6196,c2521c68ad5a15151469aa2a7e34417b570018b7
"2025-07-07 23:11:05",6200,3dddbdd0d8192943f37fc57d24c347248754305a
"2025-07-07 23:21:05",6201,2b1dae28d11019d2ebcfc5771ab3a19434c19064
"2025-07-07 23:31:05",6204,16190cf901665e49a60d47609d8dc500ef72606c
"2025-07-07 23:41:05",6204,ee8534d5252764842b43db37766d20b2d52c263b
"2025-07-07 23:51:05",6205,63547c1de2d2e3cf639cd96009e9464190c2298a
"2025-07-08 00:01:05",6209,461f89b4adb65f3a67f7a192ffad69ed804d8ec6
"2025-07-08 00:11:05",6214,d9e389988408fb8a85548f0ccab81bc6957810ec
"2025-07-08 00:21:05",6218,59afaac89ca0a9070635bd54ff72d2bca82b87c2
"2025-07-08 00:31:05",6225,c750c8b0cbbd61603785d327a10e30f7adf86c2f
"2025-07-08 00:41:05",6233,d46ac77d7b71e8a94fdcf2b74a37d4e568be8a84
"2025-07-08 00:51:05",6244,a136569f086f003dde0f21a35f875d789ca81b43
"2025-07-08 01:01:05",6253,0959eec822eb8feacbab0f2764a1728e06ba4e16
"2025-07-08 01:11:05",6268,888a29886d6faed459c6c333894e97a26a2f4355
"2025-07-08 01:21:05",6280,30490332d0345ca7c619d7e1c848505dbec954a8
"2025-07-08 01:31:05",6284,5de93ce5b3a7b656bbc6420c84f01158464edfc7
"2025-07-08 01:41:05",6288,8ac77baa8c70ed323a36b03c5de9fabacb60f3a8
"2025-07-08 01:51:05",6292,0ba7920dd0afa816502ad1d29e2498f4183b100f
"2025-07-08 02:01:05",6302,9589cfe4e08894d640b53c0372afbcf27695e3ad
"2025-07-08 02:11:05",6317,8c7fe8f69fd9ad9e2dd55780581eca2570082d98
"2025-07-08 02:21:05",6327,a677e007e69e57a2be09feb426ec980b676749f9
"2025-07-08 02:31:05",6340,17ad74bfe21420070dfeb7d2bc3da4899295d744
"2025-07-08 02:41:05",6352,b7368246ac3b8d4fb8ad6e1925e279b48def52f8
"2025-07-08 02:51:05",6363,4d5d6942420290df5b66ae60b471474d7a34f6de
"2025-07-08 03:01:05",6369,1df603b90d5a60fda9d101e83ab088c55842ad0a
"2025-07-08 03:11:05",6377,2e293b04d9deab56bcabd33e1e37317604b01c57
"2025-07-08 03:21:05",6385,ef206b7bbf7e3e0775f7530860b44db1da085352
"2025-07-08 03:31:05",6391,6760b74e50a2f4e6a7c7b858af4ab4a0b95bc0fa
"2025-07-08 03:41:05",6399,cb7a81c007088d7bf96baea80efb142e6d261dd2
"2025-07-08 03:51:05",6411,938cde6ecd671c71d0fdfa5451796022a1e9d413
"2025-07-08 04:01:06",6422,35a447199bd808e8cf3ff78a0b480907eb6619e9
"2025-07-08 04:11:05",6441,299b96f749e6ad8cb8ec6455c76837d6af411bdc
"2025-07-08 04:21:05",6450,2d8c917456e9c0fcadb0d9dc6971337841880b2a
"2025-07-08 04:31:05",6455,2311dc9cf1bc04a5d5b6781757b7cb972ccd5c4b
"2025-07-08 04:41:05",6460,380cd4342ef8de9ca3cc314f463767fb4a76490f
"2025-07-08 04:51:05",6460,f74d8dbbdfb5cc8b7ffc94ec5ca6bc1ae47a7ca6
"2025-07-08 05:01:05",6469,8626357b6755f7075af444651ef656cbe38bdbe5
"2025-07-08 05:11:05",6472,93fed50261c73978e3b1c52cff656b8517022faf
"2025-07-08 05:21:06",6476,2a2056744236d11cdbf68dc8e782ece3ee7769d7
"2025-07-08 05:31:06",6484,696102f1e5f19e413796fec0808c73f1e626dcc6
"2025-07-08 05:41:05",6487,a5943d0a5e5cc6a719deb23bcaa5b2aa2dbd6e78
"2025-07-08 05:51:05",6494,95c5222dc0d76c55c96542737dceb3568692139c
"2025-07-08 06:01:05",6505,44f24e2860c000b9662d354be6dd88070d53d3fd
"2025-07-08 06:11:05",6514,2939a6bd369a8ece31c569a4194abcb71c143dec
"2025-07-08 06:21:06",6528,3c9553a7d57c28e7236e533a79574013ab0e4cd8
"2025-07-08 06:31:05",6537,f9c5d0f7b8db9c661f3f736c1ba29291856e493a
"2025-07-08 06:41:06",6557,362ff35f76e5b43d48a23adfcaf6c5707fb4d306
"2025-07-08 06:51:05",6572,32677bfd37a4a1a612ee56a3fe3a72f576023d33
"2025-07-08 07:01:05",6588,cf8475f59824ce12d29ee3ad332f84df5d42c582
"2025-07-08 07:11:05",6596,6e0c4a857e8be33b759169abf7be2f7b9a483020
"2025-07-08 07:21:05",6601,61b4674f37993528d95a25492c828433598153cb
"2025-07-08 07:31:05",6605,1995abe447a990d4a0465638429377ae0e07d0c0
"2025-07-08 07:41:05",6611,9160701beb719e523afe124f474b9248121140a5
"2025-07-08 07:51:05",6615,9189236ea3c76783953625601cd5961bd6c299b3
"2025-07-08 08:01:05",6620,313f1a6375827b69ec290527c4c3fb2355f438ff
"2025-07-08 08:11:05",6625,8ea442bbe0105d02e6e2242b703cc675d6759f62
"2025-07-08 08:21:05",6638,168314ebf0b77e8ad8e54faa5ddda00cdc87c0c5
"2025-07-08 08:31:06",6647,8b421d7dafdd766114dad3cc02dabe95fceee6c5
"2025-07-08 08:41:05",6660,9e051ae710d00564679993eb97e473ebc8bb1a69
"2025-07-08 08:51:05",6665,5f7c495a88259c148c76ca35fdc922772b19baf4
"2025-07-08 09:01:05",6673,96fbb32607c53eecebf32f7fb38a1cfafeb97e1a
"2025-07-08 09:11:05",6679,089875cfaea8f5dcec6003b523f076ecbe26513d
"2025-07-08 09:31:05",6689,c8795710fa03951037bbae8528bb8b0b15447387
"2025-07-08 09:41:05",6696,56a3fdd202b15040ca45cee17565b1d7b0d1031a
"2025-07-08 09:51:06",6697,556c68ecb632ad61b499ebdba492cd23c2901eb4
"2025-07-08 10:01:05",6699,6d1cff377c67070a34aa85f9551a88ab8191c653
"2025-07-08 10:11:06",6703,b5441135621fe959dfb2bf45728748a2e590be2c
"2025-07-08 10:21:05",6705,38cd411810ac5aeebda418878a51056ede5d5bc9
"2025-07-08 10:31:05",6710,d3eca0921a224617b2a8e4b458a7395ab4830fe3
"2025-07-08 10:41:05",6711,6fac8dca552050eced930491e18edd783a29fb60
"2025-07-08 10:51:05",6715,23694eb180cd906ac13b3ed647731e94ccdd0a7a
"2025-07-08 11:01:05",6717,708098505cce1989ac71004ffc182c33184490a7
"2025-07-08 11:11:06",6720,5168d29f14c55b9e348c238e7917ef93847bb253
"2025-07-08 11:21:05",6728,0f4beaedeacccf4768fd06cf024f5f7ca169e1a0
"2025-07-08 11:31:07",6731,7130bc688dc5520576b9d6b434025a7ef03ff175
"2025-07-08 11:41:07",6732,e858014858ccaea223b9276dd137305fbe695e23
"2025-07-08 11:51:05",6734,9e6d98b4be861761dc95ee28d95e0a6159be7786
"2025-07-08 12:01:05",6740,593c8544540164558fbdef8e890de0d4af9e24c5
"2025-07-08 12:11:05",6741,cede9341bc5041601637b8820d21734388c8f5ac
"2025-07-08 12:21:06",6742,049bbe01c3e5045598f366024f36d038cfbf4320
"2025-07-08 12:31:05",6743,755dbef5581b024a584690ce882477054d31ece4
"2025-07-08 12:41:05",6744,4194d17bd6ad39485157bdaf46f9d7727289c2ec
"2025-07-08 12:51:05",6748,4fd434ae374732428e91d5bdc910e429ef2d1bfb
"2025-07-08 13:01:06",6750,6e26c7a8d32733a6c7bf5a1c73f088f55ea6e67d
"2025-07-08 13:11:05",6761,54abd0fb0457be1c257feff7cfb6a3b843637b47
"2025-07-08 13:21:05",6766,3ee7cd8d28117d9066317c3c664f12166d24e095
"2025-07-08 13:31:05",6769,76140094995cdc73b59c850106464b92dfc0ff25
"2025-07-08 13:41:05",6769,8cf5259a2732797ee6c6bb55aa795af4976da0b1
"2025-07-08 13:51:05",6771,86f1b64545dc0db1fe3427dcdd9eeb8c60d3f079
"2025-07-08 14:01:05",6773,dc5c7cbfa9c6e099d3e8e8c095a7845d1dc69856
"2025-07-08 14:11:05",6774,1622dc2300179727a177e227f8437b2b3a36547d
"2025-07-08 14:21:05",6776,128c7a4cc6dd4b480af5283a9e81c5583089b02e
"2025-07-08 14:31:05",6780,c3d54e9a7a2fce15d3dfa00a4c770ca938655b7f
"2025-07-08 14:41:06",6780,d6f4c519459286f3dbaba6a20b742528e0e35fac
"2025-07-08 14:51:05",6781,fa3d29246c95a5732c75b94cc35315c97a089bc4
"2025-07-08 15:01:05",6782,32f3b7f6ba148c087d3460612a2e46d9af527166
"2025-07-08 15:11:05",6782,7de8bbbcd81ef38d567534b0adf25cd1c5069e46
"2025-07-08 15:21:05",6788,0564f6d07e909e14bd78a07b02073e8289135106
"2025-07-08 15:31:05",6789,15fbbbe2c8482497bfbc564cd30c8535ff7579a9
"2025-07-08 15:41:05",6792,abf75e320cf83c4d77c96a18c4441605729969ca
"2025-07-08 15:51:05",6793,bbeab8adeb9b6618e8e5e0f1585843744cc2919b
"2025-07-08 16:01:05",6793,0b4b70a57c809e552c19d63c9512bbce8a8678ee
"2025-07-08 16:11:06",6794,05521459d4e103a833c043cb5b59811db1d00e36
"2025-07-08 16:21:05",6795,2bf2ab4b89f2ca7cc7b2ff60d4fbecee7a4bcaf3
"2025-07-08 16:31:05",6796,2f94e7ced74dc3bc2393504705b3ea0fa979af09
"2025-07-08 16:41:05",6796,4da57ceda939c731cc121ddbd3b788640c3051c7
"2025-07-08 16:51:05",6797,d89e966fb4df8a54e74263d476f027728abf00cc
"2025-07-08 17:01:05",6798,e1fb8087e228c00629a42661a9444aacaaf6447a
"2025-07-08 17:21:05",6800,3bebbf55fb01a0e287e01d215c25db3dc17d30b7
"2025-07-08 17:31:05",6801,003212843266f95245970850d3bb142bb4f6a997
"2025-07-08 17:41:05",6801,5f168398a57e3716c9e27edc03023be08159cb21
"2025-07-08 18:01:05",6801,061b26c9045175fb4a39da97e9607bc655f22475
"2025-07-08 18:11:06",6801,71f761faf37603bf902bc19c5cc4e98ca978222f
"2025-07-08 18:51:05",6802,289336b26c3bb6d5fe04c3dde5fbf39b6662812b
"2025-07-08 19:11:05",6802,5d7bee1b178ac222b9ba40afcef35ecfe01cc650
"2025-07-08 19:41:05",6802,ca80c4037856976344f6cd4fba8d10f5afc9d6b0
"2025-07-08 20:51:05",6802,ec63dee1acb1118e65fe08b78a2372205bd55c3e
"2025-07-08 21:01:05",6803,578795ace14a8db984e9a306ca407b722a921bb2
"2025-07-08 21:11:05",6803,15a3402e2c7861c8e8812658f5dc3c6aad430946
"2025-07-08 22:11:06",6805,9b6df365b04d14aa721da3d1ab93f681e28f0af4
"2025-07-08 22:21:05",6806,d241263a7c65a3c4379d565b737c1c6da9237028
"2025-07-08 22:31:06",6806,0927c602258f358a3ea9a355343132045bd0a9f1
"2025-07-08 22:41:05",6806,b1229b9553458112b2a372b0480df8cbae33ca6b
"2025-07-08 22:51:05",6807,6c60eea211f0679c82da70cde38d066dd1a0c08c
"2025-07-08 23:01:05",6807,950f8bdcae971131e9f329178d687583763980c2
"2025-07-08 23:11:05",6808,e3a661af83b63fc3cdee3d512ae76ab621bb7e86
"2025-07-08 23:21:06",6809,3fd157b5090d181412ec1804b8c183ceaf1d48d5
"2025-07-08 23:31:05",6810,b55a217954329dec3aef439816d0d989c9e2bbe0
"2025-07-08 23:41:05",6812,f32877194d4ce10f0172ca1ae764762b532511d5
"2025-07-08 23:51:05",6814,b26cbd66cde461d3458b56652198b30e48e753a8
"2025-07-09 00:01:05",6815,9c8ff33818d466dd16ee5525219687b8e84c0fc4
"2025-07-09 00:11:06",6815,85d503f8017b095184fa3f1a0cdaa1ccb4450add
"2025-07-09 00:21:05",6821,29baf9fd388aae583b184cfafce33ea01c77c4ac
"2025-07-09 00:31:05",6822,7f11fd294be5eb0ecdac58f1a3a7975f0c3b4a9b
"2025-07-09 00:41:05",6825,68714be5d63ab3227afd1161fbe9efbcca6d6268
"2025-07-09 00:51:05",6830,7768f5abbdd3f6fcd9b746412bfc4da62b258143
"2025-07-09 01:01:05",6834,a9c0087a464efc0e16620afea8c2ea6d0a401233
"2025-07-09 01:11:05",6839,03579ce9a97cafcf75f936df15a9a6a3fe1d4f2a
"2025-07-09 01:21:05",6845,2c982e9f0e375f1b6ba2783c23831ba2cba0b614
"2025-07-09 01:31:06",6855,9a10382bec0bf4ac1cea78217373ee47389387a2
"2025-07-09 01:41:05",6858,d5b25d4a41f462090aadae71f1585972c0b6fafc
"2025-07-09 01:51:06",6865,b14885ebb7511dc7ce4900e2e353b690c15aa284
"2025-07-09 02:01:07",6871,b7b54524fa6e3608e998dfa50020bb1f55cdc2a4
"2025-07-09 02:11:05",6875,858eba5a42d525719b8106d3d7d9ee509e063d02
"2025-07-09 02:21:05",6883,353c4e398df6a61191a88047e7a62c4fa639649a
"2025-07-09 02:31:07",6890,e1c66af5bf2e5b7865db880032f89f04dc7c87fd
"2025-07-09 02:41:05",6895,9699447e28674bde56d8d50bb64032e48c0d004d
"2025-07-09 02:51:05",6904,14ff3cacba7f9234e52d844aa0775d7de57e3d75
"2025-07-09 03:01:06",6916,1595711287a59a6faeec66870196b68e4a8b7a37
"2025-07-09 03:11:05",6926,de8bca931307a7b656443481e947343cf10d5275
"2025-07-09 03:21:05",6930,730de5799704faa530a7a3a55843383cfbdd5dca
"2025-07-09 03:31:05",6939,f1ac9b68760c4d3234b2c47a68ff090b6a31a1f8
"2025-07-09 03:41:06",6948,860f59be69e6d9d13050899a6c3316ed3eec09ba
"2025-07-09 03:51:05",6954,302b926f5eb49f6a01ce125112c4b97d95e3464b
"2025-07-09 04:01:05",6957,841a9bd51dbffc878adc8af0076e3024b60c2175
"2025-07-09 04:11:05",6963,f3143f3ffc28b25bf4fd0f6e2923b64647a9eaf1
"2025-07-09 04:21:05",6966,db7cd8e06827507e377b23aabf2d9ab5515024f8
"2025-07-09 04:31:05",6972,3aca53b5d6bfe7fd8486568799da4e7718f8b910
"2025-07-09 04:41:06",6976,a3fb7d30023d37952a5b212eb5e3e235d736c8e3
"2025-07-09 04:51:05",6977,eecb724c455974bacff55e8296a4c53acc7a2bab
"2025-07-09 05:01:05",6980,0f028d0c3e1bd287d534812662f7768441e99578
"2025-07-09 05:11:05",6985,40dd02214e683bae5544c1fd5b0c9c0aca31cede
"2025-07-09 05:21:05",6988,f99eae60c0d09ed61e9750fb49967a4bde82d2ec
"2025-07-09 05:31:06",6993,aec0387817639c4e16adfe54dfb6a879aaca0e3a
"2025-07-09 05:41:05",6998,abb7835570fd5be6bf307d4c94344fe05db8ab10
"2025-07-09 05:51:05",7004,2fe788e2a17b7546fc9c2a9f34339e082e34e53b
"2025-07-09 06:01:05",7010,97facb6375f92da3667656eaaec32dd9bcac0ec5
"2025-07-09 06:11:05",7013,b5d8ad66f9ae83622783c0f7694cfd2395085eda
"2025-07-09 06:21:05",7017,393f7f6dee409f5f6a85e7172652e85f5f72279c
"2025-07-09 06:31:05",7020,56134216cda144330aec2a9c90c4c8c61b5bd5c1
"2025-07-09 06:41:06",7023,cdb6832df24788dbbacbc63c7fe09f88fc916ca2
"2025-07-09 06:51:05",7030,b72b41e3524f22693f48cbacd8b6396d2ce34922
"2025-07-09 07:01:05",7033,6c8dab810a3bc2940dadddbf260ff051eaacca73
"2025-07-09 07:11:05",7038,933cb34be7040d1c74c43de0439874db9674edce
"2025-07-09 07:21:05",7044,9402126c9a8d54eb7088cd595ea9050eebf30cd1
"2025-07-09 07:31:06",7047,1c829a3bf1ff6471c479caf58f256a5531b8c04b
"2025-07-09 07:41:05",7055,64b495800000fd84f86cebc21b9ae06dd9aa8649
"2025-07-09 07:51:05",7056,74920458c59d22d1b208f42b4b4797c7479db346
"2025-07-09 08:01:06",7064,a51c8ed9499fc75fbc3a5283c6cbb349b1f5d337
"2025-07-09 08:11:05",7069,33f61790accbc88f9a3b0309739f1c07d0575611
"2025-07-09 08:21:05",7075,b12db4c9971d25de5335323445feb1cf2de1d0ba
"2025-07-09 08:31:06",7081,5dd0c67dc1c3d5d23a2f4e28aaf9ac0060069463
"2025-07-09 08:41:05",7085,6b35dbd3a744e51c49eebee057e080ee9ba6dbdd
"2025-07-09 08:51:05",7091,359b5beb14f92ee6d828825492f3c2f02d7f70d9
"2025-07-09 09:01:05",7102,2edae59b84c45963b57cc0abb52c9c766050ca29
"2025-07-09 09:11:06",7109,5fb174e32023ffa98b9a4cded92226edc85b1801
"2025-07-09 09:21:05",7113,156817a8cd19bc4d0275cfd1ce6930b031d009ad
"2025-07-09 09:31:06",7122,c01c36c94d6222bf8dcdc16066637230d9e06a1d
"2025-07-09 09:41:05",7130,b11e394143ece58ffd98cf22a7e308e32e09dd9b
"2025-07-09 09:51:05",7138,6f8cbdccc6cecf38a168fe4e3fb24b741afba6aa
"2025-07-09 10:01:06",7142,4463c803dfc7887cb547a7882bcf81031e8e6971
"2025-07-09 10:11:05",7144,9fad43d4c670360a78da666df8a08a2625397896
"2025-07-09 10:21:05",7145,079c4300d0b44328ded59c9177c8b893b59b7cfa
"2025-07-09 10:31:06",7150,1c72904d5d68f54bfc4e450f5281554141117c55
"2025-07-09 10:41:05",7155,340a471d10079ca4bef2b836ff0f86e0c1487553
"2025-07-09 10:51:06",7157,6541ac9892e7ea7bf21a50849451fe1b6b7b9725
"2025-07-09 11:01:05",7158,4cf4337ed66cdf0489d735f3bb66b425beb4bd2d
"2025-07-09 11:31:08",7170,fc717299922a9850e457caebadbe65baab2d2e27
"2025-07-09 11:41:05",7173,ca63795274202050b90d8fc8dedceed7151fa7a4
"2025-07-09 12:01:05",7177,b006a0ed3693f60aaf17c89759af0cee8efdd8bb
"2025-07-09 12:11:06",7179,296eb60f165ed2668c3bcf9b5504701095687e09
"2025-07-09 12:21:05",7179,ba3f22a4b2cbda378e083bdaa548c831d9d5eb16
"2025-07-09 12:31:05",7180,6473da94d2cdd3ea73dcd1293a8d9c1b4a3687fe
"2025-07-09 12:41:05",7182,8d493d2f0fac9a36727e1e4169e4397744e3c0ec
"2025-07-09 12:51:05",7187,c3230d6312b22f0db4efe0998702f414a21ae1e6
"2025-07-09 13:01:05",7189,b3b8501644ffa0ad14a0ab9cf1068151b077611b
"2025-07-09 13:11:05",7197,5f71b4f35098c70c2f881befc2f1de48aec1b484
"2025-07-09 13:21:05",7198,fff6da9f34294f0194a54ac8ea63362bcf49dc39
"2025-07-09 13:31:05",7208,f0a5a70e2457f1dd93725ef83a7580342a364199
"2025-07-09 13:41:05",7210,c813a50c9f2162543ec1cd6b3e7e4d5bc63186be
"2025-07-09 13:51:05",7214,f5f6c390e8e59e8854732a9ee7dc12a9b050591e
"2025-07-09 14:01:05",7214,ea48cbfb941f320e625c0404421efb5b397be3b9
"2025-07-09 14:11:05",7215,b6fd2615f3c7d3167373ed2d0a853849b6f54344
"2025-07-09 14:21:05",7218,6d3a85ceeb0cacc4815a84a9ffa9716dac67b8ec
"2025-07-09 14:31:06",7219,2bff759aad56004bd559217207da1d13b9b3408e
"2025-07-09 14:41:06",7219,a20f4604c21a6e319a81f7cee4350b42103e1f38
"2025-07-09 14:51:05",7223,bd7aa3f59e73b5dacac94f4934858938dbcdb987
"2025-07-09 15:01:05",7223,81515c392e10bf3b8ba2a5e281ada25056bda1c6
"2025-07-09 15:11:05",7224,0f72956fa5f9ba9c1ebbac85bcf446a1c2f459fe
"2025-07-09 15:21:05",7224,2b37df5ff8080e32531c50f29f29dd28fd06d184
"2025-07-09 15:31:05",7224,84f91f6956a6dee88c814811d1cb472190caec39
"2025-07-09 15:41:05",7225,f4cf358f3f564fe70c8caab6c2d594cde58358ac
"2025-07-09 15:51:05",7227,7110c3ec39b7df2554a79c82b41b639350a5090e
"2025-07-09 16:01:05",7229,e75243037400936e1212a7d414f10cf216a645d8
"2025-07-09 16:11:05",7231,023c11bf9155037a107a63f48a894b69e21c8746
"2025-07-09 16:31:05",7232,2d83df679f63b0cf22cdd5461d67f8e58b116196
"2025-07-09 17:01:05",7233,99bfd38c74e7a4e849717f39b0360565fcc8df0f
"2025-07-09 17:11:05",7233,639c4ba59d942191a9791f664245c41817d6127f
"2025-07-09 18:01:05",7234,341337c4c38c6930e7dd9850d04dc32c236cec2c
"2025-07-09 18:11:05",7234,3507ae6e43c4acda1dfdc1e9e298d41f948dc4bb
"2025-07-09 18:31:06",7234,eb7f5dc05694a380be7f81ff772df24c49c54776
"2025-07-09 18:41:06",7235,3f59808188b6c350ff28a5e2092850ff05c101d9
"2025-07-09 19:51:05",7235,8ea0f5244cf73734fec8105dca98c760e0b4c82f
"2025-07-09 22:01:06",7236,8560577b63526bd96d9300388cc9a3d4af67650c
"2025-07-09 22:11:06",7236,5d0907102d51aa63f4af33cec2aee2c6bd777039
"2025-07-09 22:41:05",7237,1422954a9d0ec6b8a51af1a379bc5a8d78a8b542
"2025-07-09 22:51:05",7237,32bbea14472916d9a8e763ba3a1345b28e3ee8c8
"2025-07-09 23:01:05",7240,16c2a8710bce8b1809cec1050e034941e03083b5
"2025-07-09 23:11:05",7240,87291db786c4cb132bf269751f8b790276a8e547
"2025-07-09 23:21:06",7243,003a0f4df0ab2acca1d2cc26976d68ac5b6b4db9
"2025-07-09 23:31:05",7245,161b1d9f885c8c625a8da054dfcf1e4a59a5a879
"2025-07-09 23:41:05",7252,21606febdb1ca3f3a6e23ca181475d474525b1fb
"2025-07-09 23:51:06",7255,138bb97910082856331210c321624204b02116c8
"2025-07-10 00:01:07",7258,4279a09780406f75a17e331ab2ca37eb5dd88d1e
"2025-07-10 00:11:06",7261,ddf4e681d44d5f56b0e1c0d7c08ab5a2029ad73d
"2025-07-10 00:21:06",7262,32844a9915d5bdb037e9554f51012a3ba671371e
"2025-07-10 00:31:05",7267,4fc3ebbbff70bd162ed1c688c26d289bf1ad689c
"2025-07-10 00:41:05",7272,01ffdcde02b8ab58c7644792f4d729e18f388fa0
"2025-07-10 00:51:05",7276,96ad3fa4f19c1db06172853f198f9c1dd4ed552c
"2025-07-10 01:01:05",7282,c7c69984ef3c17b8586ab34c8f4512e77b00b179
"2025-07-10 01:11:05",7297,1dbfd3ac164039b7249c6865666d7b6af4cfd809
"2025-07-10 01:21:05",7304,9f8cabea7714975ee328d8a35311e93a9bda92ef
"2025-07-10 01:31:05",7319,43764e7b1b1b1f1d67838843299b5c06745c9dfc
"2025-07-10 01:41:05",7322,8c1cc85ff4ceab1a1a61e863367d48c237304f58
"2025-07-10 01:51:05",7324,1f719f5c25f5c9b467de7a36b85911808634e666
"2025-07-10 02:01:05",7325,5966a6bae5feee4b91573903cd7e10a7d6fc7186
"2025-07-10 02:11:05",7329,1b4f583c261f64c843979404ab777b9a4b5a3b55
"2025-07-10 02:21:05",7330,06f78935aad81f110b19a22fd3fe8492267f009e
"2025-07-10 02:31:05",7335,7a4a238268dde1418b4fe732ca3cb7c3b700559d
"2025-07-10 02:41:05",7346,cda2c7c29e57d29a48d055b6d6398cc26ce4e42b
"2025-07-10 02:51:05",7356,33673c680715ea7d9b6ffc98380dfd5c6b81c35b
"2025-07-10 03:11:06",7368,bd77bd2af056bb645097a72a3d7b6e57c2292258
"2025-07-10 03:21:06",7376,57f6a1cd369330c3ee4c1a9f2b442c83d3d51d68
"2025-07-10 03:31:05",7390,577dc7d11ff5d9bdd8c78082a9f30be1936c3cfe
"2025-07-10 03:41:06",7393,f7933b6a610d8dc945da440dd138a09e2a5eb269
"2025-07-10 03:51:06",7397,3650673e2c5731c68f586b623579ef970006dc7d
"2025-07-10 04:01:05",7402,8c740246932918bcf484c809566cdedf2c49e10e
"2025-07-10 04:11:05",7408,0ed9aeb1d8c5a2b73d87554a1bc257ab12b411b7
"2025-07-10 04:21:05",7412,9d51e6e1e046d7115c21f3d43bc12848fc3d3f88
"2025-07-10 04:31:05",7416,2436cb9505a1a448454226b05d9165f168667ae5
"2025-07-10 04:41:05",7420,afe3c0326be0c00bbe384cc71d342c0f0211d329
"2025-07-10 04:51:06",7423,aca149c7fdb2bf9651d004132da452afeb6218d2
"2025-07-10 05:01:05",7424,0f3c6ef239ed5fea25ff0c8ca838438f21a04a10
"2025-07-10 05:11:06",7426,db905c905cdd54761761ec371fbdd5de6d467485
"2025-07-10 05:21:05",7428,c0fe7de6434ba4963a0745aa93f086110beffed2
"2025-07-10 05:31:06",7429,974a90b941e9029a62e73dd49b0deb38aaca1f84
"2025-07-10 05:41:11",7431,cdec828dc4d8f1e96ce25d8f2bfe682f498b48f3
"2025-07-10 05:51:05",7434,ff174060b48a5f6c285222f8d679c08ca867b1c1
"2025-07-10 06:01:05",7437,ca60f38a20354632ea5473bef2b967d2a3a01635
"2025-07-10 06:11:06",7439,0efa18ae013e28af5d7fac00716147ecf0e47c7c
"2025-07-10 06:21:05",7447,f2817bb4c923ad5ea0863caf907c746a1ef57123
"2025-07-10 06:31:05",7454,0efe373562eeeabd47a46c5661a69fe6bd8ef994
"2025-07-10 06:41:05",7458,cda86501a2bb9898c48083a2ee84a0c02f940838
"2025-07-10 06:51:06",7465,109629392bd394f269ef8c5e23de6107a3020d85
"2025-07-10 07:01:05",7467,e4619ea1adfd2d798bd027d0274d2cfb0de913da
"2025-07-10 07:11:06",7470,b9741b0a4ac1bf2e87bc45f5104ec96b0c891bb2
"2025-07-10 07:21:05",7478,e606cfb4e7e1101edd1dcc3b407c777139826d63
"2025-07-10 07:31:05",7480,d18c76d4480aae6de2cae9992e270c0a0ae63744
"2025-07-10 07:41:06",7481,1d9f03d7930e613959c9f010fe93fd53f59ce9c2
"2025-07-10 07:51:06",7486,1b5dd2cf6f754f8798c53378c1c12a2e90dbe904
"2025-07-10 08:01:06",7493,845f6788f05a7190d57ad79794280b74630ab822
"2025-07-10 08:11:06",7494,d387afb811a1784d780767d1bc7bc0dd97bd6712
"2025-07-10 08:21:05",7497,6db6c0d4c7c443368deec55af01badae3eaca00d
"2025-07-10 08:31:05",7497,3462e05c662de82f2822034beec9118ac1f9daf1
"2025-07-10 08:41:05",7499,cc8d3931800bf165c38effff8f11462f4070788d
"2025-07-10 08:51:05",7504,b03ef7e584600c920246458861d90f5704faf6f0
"2025-07-10 09:01:06",7507,3a569512ffe2d7409f49049498748e39ae6a6994
"2025-07-10 09:11:05",7513,e8b30d0ea7ca45753fa4a2786405eb39ccb50572
"2025-07-10 09:21:05",7514,f09a91b3a1b42a74e1abf3fc517d8f650ea9bc23
"2025-07-10 09:31:06",7518,64d0678cc2027b71e619725061aba964ef8bc62d
"2025-07-10 09:41:05",7519,a77517d28ebc6eb41023a7d575e31ae9b6614d67
"2025-07-10 09:51:06",7521,592b9b2a9ddd3dd6912fbc409c81dd3b61ddeb52
"2025-07-10 10:01:06",7521,88967a0a412075c0b4a1057b9f007d220d75a5c4
"2025-07-10 10:11:05",7524,340bc7d0b194d2ae1a5b190a8b7ad34c857ed411
"2025-07-10 10:21:06",7525,ca69d89af6fb08fc1e5862edd81b202c8a212d8b
"2025-07-10 10:31:06",7525,77615231ac70744977be87a6b96a016996b2e1d7
"2025-07-10 10:41:06",7530,ac7ff3d0dbbc0cfd0ec5caf20802029938cc8cf6
"2025-07-10 10:51:06",7530,6d009021b96387688ed63f3efea6b86534936dda
"2025-07-10 11:01:05",7531,0d0bae202346a3cb194c07a85689a3c708e7aaac
"2025-07-10 11:11:05",7537,dd19119d9a0cf8c07d69a3931a3b1f9c967a5825
"2025-07-10 11:21:06",7541,16da4c38d7ae65fe1f6b7c5733f1db54812c44b4
"2025-07-10 11:31:09",7546,561c60013fdd7b2e1642b56445674b80cf05fb2c
"2025-07-10 11:41:06",7547,909db9bdad193f94c50ab46927f70e4186a15f6f
"2025-07-10 11:51:05",7548,20b1ad48bf6ea0f7c01ca6173375000d5e2aa316
"2025-07-10 12:01:06",7549,8a24920f45aca77f4dd25f6b3fcd6668be8b6161
"2025-07-10 12:11:05",7549,7b9519439b9c7d20cbcc6054bee82a214ac8d050
"2025-07-10 12:21:06",7550,215721967f364967a586d24d8cffc3b49f1a5e20
"2025-07-10 12:31:05",7550,2d170343c249c85347adc51464fd2320540e506f
"2025-07-10 12:41:06",7550,2f264cbbf0859f73904a7bc4aa0377117ffea7e2
"2025-07-10 12:51:05",7551,73980bde6b8314f5cf2174441d79d2db9a17fe6e
"2025-07-10 13:01:06",7552,2b2e776a54584a9b1b1c4943bd8cc3fb79f0aa45
"2025-07-10 13:21:05",7552,cfaa646959aa172b56863bd4f39958b8ddb8425a
"2025-07-10 13:31:05",7557,725001235b175e86ea8a1be56a160ec7a86ccf6d
"2025-07-10 13:41:06",7557,64cedaf062d253071dbe2bb5016e3917432d69f2
"2025-07-10 13:51:06",7559,6f67b8d4f66a0405d9d9a7ca22a44ffe7ead9690
"2025-07-10 14:01:06",7559,479cf792c1206994a8fd0512f4b1047ea4b8137d
"2025-07-10 14:21:05",7560,55c732f033f45dd6cb3d74905e96abab21ac2203
"2025-07-10 14:31:06",7561,f2000e5703317cb0ab32aa9c049d70fd4284cc38
"2025-07-10 14:41:07",7562,a333f9cd4906eea405637872c9dfd34dc0db9d05
"2025-07-10 14:51:06",7564,cedb278b131e870c89e55903f553e4b66530a545
"2025-07-10 15:11:05",7565,e1395f44bf08d087394e4ef538d172a94c25dc81
"2025-07-10 15:21:05",7567,ab87752a542a458a6715157dbda2bab4f04c6888
"2025-07-10 15:31:05",7569,5afd457b9f8de8683442b08b1503fa8dd6eaa5fa
"2025-07-10 15:41:05",7570,52cce39a6df6fbe8b1a3483c90cd82b67446f2eb
"2025-07-10 15:51:06",7570,fb53c922b67f6faa13c0174bb5828efae7c11c09
"2025-07-10 16:01:06",7571,2c041613c31933eb3407979059a7029485722260
"2025-07-10 16:21:06",7571,603a73617f413657905cf77a55aaaefac628c595
"2025-07-10 16:31:05",7571,e0d3579864a17f7f2a6d2cbd7ee9d8d14af7c2eb
"2025-07-10 17:21:06",7572,e563d663a56bda319fad7cd832e8f1974074ac57
"2025-07-10 18:11:05",7572,22e9ccaeabce7e9f0b1af2ef618baf4c81f4dcf2
"2025-07-10 18:21:05",7572,4dc3d839376963b967f7c0d873f8aa48211d1bc6
"2025-07-10 18:51:06",7573,92288329bee67c42dc4339ef669d6d8c4a36b74c
"2025-07-10 19:31:05",7573,f99d5d2513415bdfae24ec8b1b8dfaeb2e380ada
"2025-07-10 19:41:06",7573,4bc194d33e4cca741ef87a245d5d442868cb70ee
"2025-07-10 19:51:06",7574,9e0ffe1dd6c9271d704e360936b3a7e28bccd104
"2025-07-10 20:41:06",7574,d5be8446f0747d82e712223ac44ca4aac56e60f9
"2025-07-10 21:11:05",7574,173e740c2060f9d9a137720c3431dffbb9fbfd20
"2025-07-10 23:21:05",7576,ba7dcdec43b46136b271fdb023450034fd2347a5
"2025-07-10 23:51:05",7577,ca11e92fc21d73dc345400db8aa9ded0fe58063c
"2025-07-11 00:01:06",7580,088a3341764c70dd5c5b806fed2413e6d2b6de13
"2025-07-11 00:11:05",7581,4f1129103612a47c5cd17896f45bd5fab21e8a49
"2025-07-11 00:21:06",7581,716d272ed1cf7b92e607626cb9a37b40468f9d6d
"2025-07-11 00:31:05",7581,6259d4c0028477e134bf6c04e1b5993760be9ba5
"2025-07-11 00:41:06",7583,06cb3fc25c3589f264af98ce354fa31ab0f60d36
"2025-07-11 00:51:05",7586,65788f049a2e1d04cf4713b7722f5291ff96a3fb
"2025-07-11 01:01:06",7588,51c2438254d1d54bd58c25d7dff602fc0ff2b33d
"2025-07-11 01:11:07",7587,0e67bbe777287a246baa0581d81a82d705d97368
"2025-07-11 01:21:05",7590,9bd976e8b8c3c11fd5cc99ea9839b36c48793be8
"2025-07-11 01:31:05",7594,5a714f31fb9db0a94909eecde74b903a1848e396
"2025-07-11 01:41:06",7595,620955daf35d7d2f079bb932e6949260c722c169
"2025-07-11 01:51:06",7598,cd83fd1aaaee881f98de0879a1be39c79ce1db09
"2025-07-11 02:01:33",7602,6f74cd5cc750afb4fe0852079c15550bfc840412
"2025-07-11 02:11:05",7604,afbbd484464d8d75b7f155595257fdb9670583a7
"2025-07-11 02:21:05",7605,814b25abfca5b80d9c256a1cf6e79fa14e6f9b12
"2025-07-11 02:31:05",7606,e3096b5534cc82d75a8fb8090d1636991aa53570
"2025-07-11 02:41:06",7607,d15671371312f01773552dcb978e8eaf1e1f001c
"2025-07-11 02:51:06",7610,26773005981b0af706c366799dcaabef945d9ff2
"2025-07-11 03:01:06",7611,11e1562c0e37640770ae2f7b3425b594e3280293
"2025-07-11 03:11:06",7612,84bcadf224f42216339839e7c4910e3e279c8f28
"2025-07-11 03:21:05",7612,89b325dd5c59d1d8a09192b75f6aa6b3c5bbc6ea
"2025-07-11 03:31:06",7612,a23e26a7b8e478f97d8d5d280dbe0a3f3b46a470
"2025-07-11 03:41:05",7613,b1d941d3300c0acea339e12c28b07e4d30c172b6
"2025-07-11 03:51:05",7614,658176293b98c3d3f8e1247e9f06c23d599b1f03
"2025-07-11 04:01:06",7614,4754b908ab6e3edf3e97d1f6d7b1ef14fffbb616
"2025-07-11 04:11:05",7615,bba40aff1c781670280667269f32255009b78587
"2025-07-11 04:21:05",7616,c8ad95831d188b675dba2f7589446e3414d315e2
"2025-07-11 04:31:05",7623,f5e91002dae160cc541e3dce8bcb7b2ee62df7a5
"2025-07-11 04:41:05",7625,c5e6576b5ba18f86f4d7e414341116057228ffc3
"2025-07-11 04:51:05",7625,3ce7ebddbc3319460cdcc721831bad17f628c859
"2025-07-11 05:01:05",7625,bd566c4be759ceeb5edcac63244895952d82ba25
"2025-07-11 05:11:06",7625,c02995bbcfd8cb28b72c1493352b2370a257fe14
"2025-07-11 05:21:05",7626,876f56d718a80a61f538a4260791d6d806192eda
"2025-07-11 05:31:05",7627,fdd75a273bd063ecda2e27acd40250663abc64c9
"2025-07-11 05:41:06",7628,16c96de010fff4db16fcf11fd3efd9a0ee44235f
"2025-07-11 05:51:05",7630,152ad764f7ff17723b4740aa851481b02e4b00eb
"2025-07-11 06:01:06",7632,d1c9351ef66098b395bd2d758faac1b645777170
"2025-07-11 06:11:05",7633,d1835a49ded822f941b494c295e19cca112665b1
"2025-07-11 06:21:05",7636,5f12f82eec4d0a8622e261d401478449747e260d
"2025-07-11 06:31:06",7636,fa2db34aab770707ba13b47098ee97aee7106f43
"2025-07-11 06:41:05",7637,fc24e62c994596b71d406beff42bfa85e275c8e1
"2025-07-11 06:51:06",7639,b9f22a0ddded9e609c6488d9e5d8e70c0888e0c9
"2025-07-11 07:01:06",7643,b147b518ef9495c4a64a252f197702dfb26706b1
"2025-07-11 07:11:05",7644,ce035c13daf29ef9708f1843625f693c72ae0a29
"2025-07-11 07:21:05",7648,1abc4f0159d8dad0156295c5cc555ffb3ed6fa58
"2025-07-11 07:31:06",7651,51648367788907d7a8f727a61de75ef46899092e
"2025-07-11 07:41:05",7654,de3eeecbfb41a3f942ccc934c97604303c393743
"2025-07-11 07:51:06",7654,aa2fa1f28e134e0782ac4164b3f7c334da29620a
"2025-07-11 08:01:05",7654,ddda3930e7b33ad0dcae400d49505e5a13fccede
"2025-07-11 08:11:05",7655,e82605ef483abe081d34574e6d70a5d094e00a35
"2025-07-11 08:21:05",7661,e91e9a9f74725f6333ae81213d0345f2db5a07d3
"2025-07-11 08:31:05",7663,27916c9257dec19c804f99a4c8f48ed51a41ccda
"2025-07-11 08:41:05",7664,635df1f8e3081efc706de9d802bb5c133e46e0c0
"2025-07-11 08:51:05",7665,c077cf8fccafc9c6245f669319153d8d1d1b82aa
"2025-07-11 09:01:06",7668,d51d3d8848c7e3be7a44db70046931a7fb2ff98a
"2025-07-11 09:11:05",7668,5305512bab8a533b2e95510ea8b71f2eaed9620d
"2025-07-11 09:21:05",7670,9545cee99f3ab8c56f49a1de029205a29c875cec
"2025-07-11 09:31:05",7672,b9f6a4101950a21ae16a97815bdb4fcef3a4fb55
"2025-07-11 09:41:06",7674,d0d723131300b0b0118297555cd18ea515e20db8
"2025-07-11 09:51:06",7676,56cd29f04c3e15657aac5f43632d88f429653f1b
"2025-07-11 10:01:06",7678,e0e03af2662f3bcc3be18a8d6516706aa3c112ce
"2025-07-11 10:11:05",7685,65150882958f10e32d26ff1db768e8bc41bc0b2a
"2025-07-11 10:21:06",7686,5c3c2c9c16dae616f3c68c384a7acb0291c66424
"2025-07-11 10:31:05",7688,99e89383c3addd2968f9f5eb966dc493ccd780df
"2025-07-11 10:41:06",7690,4608674f223e8ec4120fdabf27927e21d0b06684
"2025-07-11 10:51:06",7691,b06e9358c98d5cfc883824db4c75ff9abe866cf7
"2025-07-11 11:01:05",7694,1ebbc931e4f3f2d55466996c434df0c03ce98a24
"2025-07-11 11:11:06",7696,635f8e8f591e2243b322387c303346339cfe47d3
"2025-07-11 11:21:06",7697,bd5c6a423afc48aee9c5760b3329d547a99cbb2b
"2025-07-11 11:41:06",7698,e24222a564412f46577e32bfc0e54e2dda106827
"2025-07-11 11:51:05",7698,a8f91e57c3eadc4efdea0ad599a460266ce47cde
"2025-07-11 12:11:05",7700,6df32d5e4c1c324f0b8100400d7717597a5c0b6e
"2025-07-11 12:21:05",7703,2d270759769f11658ba6b6b105d5e12eab4e533b
"2025-07-11 12:31:05",7703,64475ecd227f5a1c6212ab2d42320af33fed6565
"2025-07-11 12:41:06",7703,5f661501141c845c6092a58251504d149d96f502
"2025-07-11 12:51:05",7703,49acf97e94264af8e3152f44acdb7a6e8d6d6160
"2025-07-11 13:01:05",7703,d207f5019e7f37c1668a545be0da8587dfbaceb6
"2025-07-11 13:21:06",7704,7d3dd0a7ab327f7b5e05e45f2a01df2f4d593ac4
"2025-07-11 13:41:05",7705,63499bf17cb0dc271da35965072905a4532ae242
"2025-07-11 13:51:05",7705,55fb61b1acfd0f0f140d5cd23a11c1a8b97c412a
"2025-07-11 14:11:05",7706,9bf20a437181107c6dbcc5e626bad321b43c490b
"2025-07-11 14:21:06",7711,2efba3f95936ad55d065afa67d47c3c666a4788a
"2025-07-11 14:31:05",7711,0b56ef92450985db90301439a122f3cf2baccaf9
"2025-07-11 14:41:05",7711,414fff39625f35c3419ee5565d9b153881b4156a
"2025-07-11 14:51:05",7712,32ed7b5fc357e64c2f6d3dc7db6acb29d6f5e257
"2025-07-11 15:01:05",7713,915e4a472adc7787bc6e018ea5316b25945544fc
"2025-07-11 15:21:06",7714,fbe416769272e46c8144bd51d2e69d5284c34b3b
"2025-07-11 15:31:05",7714,05e7f498fb1cb9b0a90ec7418e95fb5833afaef4
"2025-07-11 15:41:06",7715,54b832ff0f1ac971b60613114df386fa04979175
"2025-07-11 15:51:05",7715,e6d06a25879a8d774fbb9f36c82ddf67ccef3c4a
"2025-07-11 16:01:06",7716,29a42c6099601d362f19161a97e2f0f3634891e5
"2025-07-11 16:11:06",7717,1d6a65abced08ae14e7db00952425a56ae34d846
"2025-07-11 16:31:06",7720,8ceaf6e74a303b6ea5227c407d0bb3a893bcdd29
"2025-07-11 16:41:05",7721,cbf9aa98024038ea4b7995c2b65551c91e65cf39
"2025-07-11 16:51:05",7721,69e406f28169b2dff5cd768acdf12815221ae354
"2025-07-11 17:01:06",7721,ed41aaffcdc9542123af03ef4ee3bb35d96269f8
"2025-07-11 17:11:06",7721,0ff632fc0074de8791888b8745cf70c28a49cdec
"2025-07-11 17:21:05",7721,d67dccca552183d0a8de31347b25aa2f2717711b
"2025-07-11 17:31:05",7721,0748589627532612e5e8badf1d9699159b134065
"2025-07-11 17:41:05",7721,c7c4094f915884e14727e03e52556ca4fe2528d7
"2025-07-11 18:01:05",7721,27c38b7ea8a2d87bd4aed00283b539c2d1ff7706
"2025-07-11 18:21:05",7721,211b09b5c1960ee03b2c2231473a9ed7146bca4c
"2025-07-11 18:31:05",7721,da2ec18823beb9317edd5c182c0daaf4371463f1
"2025-07-11 18:51:06",7722,e8b60de3d2ffebc5e4a1d97bf2393f8fb3b84b20
"2025-07-11 19:01:06",7722,fb2ffc4a747964b4eb98fd7bd1abbaa3447e68d6
"2025-07-11 19:11:05",7722,48049cc8a4996db8ae1e1fa169cd2daac8beac5c
"2025-07-11 19:21:05",7722,ae5a0ef46e20ecaeaf702496d13a932441be32ba
"2025-07-11 19:31:05",7722,24b408a6b74b4b3fd8c311f431b6fd3cea1aaf1c
"2025-07-11 19:41:05",7723,7bc9c2ef5be0074bbb2b6316566e763811b36563
"2025-07-11 21:01:05",7724,0af7023982e5a5a448b3d003839050235dff9643
"2025-07-11 21:51:06",7724,ed8e7678e5f2c4e2890e2d39c02a08877717d930
"2025-07-11 22:21:06",7724,99df35ec310a0e9588e9b9359dae8417a474eade
"2025-07-11 23:11:06",7725,e8257d9936f5aa15371317d95eeb71de8d8252b8
"2025-07-11 23:21:05",7725,595dcac9eca5e207d7881aaddcffd96ee11e8b1f
"2025-07-11 23:31:05",7726,1e70260defffaf69d36ae019553b461eaf24c6b2
"2025-07-11 23:41:06",7727,4bfafad36dbc8630f90beee3850d5b24f88937db
"2025-07-12 00:11:05",7727,5c23876147d28b22c9aa864a9d88e3df739481e6
"2025-07-12 00:21:05",7727,3a8e047d6a12c3b88cf50695721016a9d27f44b7
"2025-07-12 00:31:05",7728,ebb3d42291e0e6235aab3bd653bd8358cc1d5d53
"2025-07-12 00:41:06",7729,724a2accad9cf149204308ee51c303754ebd074d
"2025-07-12 00:51:05",7731,0dcd94ad774c8a28d4090260dac711a3cb74f509
"2025-07-12 01:01:05",7733,1343ba35ee5532f16633952f086aef8e48b9b957
"2025-07-12 01:11:05",7736,e6624ff35d6ff7b750d817315f3052acaf45b663
"2025-07-12 01:21:06",7737,4eb7ebbf89c2bf745d139b1969791fc1f1ce2278
"2025-07-12 01:41:05",7740,705b5015186e33c64ef26291b0aa3aa554eb1e57
"2025-07-12 01:51:05",7741,a7650304ac7e3258f45dd73db59202c85400af9c
"2025-07-12 02:01:39",7742,7ed7a9939a998efbc0b068feacad7ec2c225e7f2
"2025-07-12 02:11:05",7744,55b6de197f9de681f0ff3e84c7394eca2b93617e
"2025-07-12 02:21:05",7747,48588b5c3ed10a5915bf32b828aa0ef2e2ecfd28
"2025-07-12 02:31:05",7750,32f963864d693794dfe42014ed79cc33280c8d73
"2025-07-12 02:41:06",7752,270c6bb19df141560cca3fe7123b0fa3cf23c63d
"2025-07-12 02:51:05",7753,3e07eaa16f7efb7ea959eb70b9e0de8df1b20ffc
"2025-07-12 03:01:05",7754,0b80ecfb75453e85c1c2410ddf6ffd8acaf0ca22
"2025-07-12 03:11:06",7755,9b45d6d72af270234d5d6bbae82ae4efb55e08fc
"2025-07-12 03:21:06",7756,4e1e194ccc4acfb0e9013ea0ce5a8fafb64036cf
"2025-07-12 03:31:06",7756,c542da39850efe6fbe21bd65e5ad551c445c690e
"2025-07-12 03:41:05",7761,d4aab985fa4c2c218c636d6bdf8d38fd90aeb170
"2025-07-12 03:51:06",7762,04f3809113a43b8bc357f8612856886ac846a7ad
"2025-07-12 04:01:06",7763,ba2802c31ba65cf975f3210534ec65ac9e301c3d
"2025-07-12 04:11:06",7765,31ca7d7ec061c574b1bab573f3fa9af384a60349
"2025-07-12 04:21:06",7768,b8291895f91673c3ae6f5f901c0ca4d9d1cbd2d1
"2025-07-12 04:31:06",7770,1cba5708a6c88495207d846b4ff05dd7dcfff89f
"2025-07-12 04:41:06",7770,6d30fd053041f4315cc06b05985880dfb8d439b3
"2025-07-12 04:51:05",7774,16086bcff705d296f0ff25d13a4653beee181a6b
"2025-07-12 05:01:05",7776,09c2070320c85b1e34e87ca5b08321b0cc5c7b03
"2025-07-12 05:11:06",7778,1f0594bfe80144ee17428b9673de3fd6ba6eefee
"2025-07-12 05:21:05",7778,4b254daa506e39c38972d93bbf94d91114c890ea
"2025-07-12 05:31:05",7780,bfa5c8bce20344103e9ef5379fa5b7d832ed18a6
"2025-07-12 05:41:06",7782,85ed13d31a9158c8922901cd775717374d47fd47
"2025-07-12 05:51:05",7783,dd2fe6ee037ee4008b510065b21557c3e178c43d
"2025-07-12 06:11:06",7785,13b56c54e7c610bfd5ebc98a8aef4a0ccb2b05c9
"2025-07-12 06:21:06",7788,f49814cf37482eac9186b3f1e169a856047b2b3b
"2025-07-12 06:31:05",7788,e11c46202212a146b56174c7a0e344de6b9dd69e
"2025-07-12 06:41:06",7789,a1ec76c45b58f1536878e2f3810ed99bd9d9052d
"2025-07-12 06:51:05",7795,d9573001d8ab96e041bd3303c5e7874bb7eb972c
"2025-07-12 07:01:06",7797,0f121029085cf25acbac2e2e7efc53a827ebc6e9
"2025-07-12 07:11:05",7798,4fd82e4a1be3c7eaa2cb6d2dfb6975b6e29d7d8b
"2025-07-12 07:21:07",7799,508555266fbbee83be2376e12c44ddfb0622bff9
"2025-07-12 07:31:06",7801,382d24864a2c1c0a0f2579175edcb609aa1ff3f9
"2025-07-12 07:41:05",7802,94731a20f6aeaba71a745ca0f0475133beb8497b
"2025-07-12 07:51:06",7803,4f91cbd9442c0cc51f69c10c9b4ec85fb2ed1d99
"2025-07-12 08:01:05",7804,2f9e8977312d4df95361e52be4664f308c1eb4fb
"2025-07-12 08:11:06",7804,ce93dbecc0fb12d8936e9f90d755ba32200cd8e9
"2025-07-12 08:21:06",7804,28593343e6c2d85a6c78a86177c5c438a3f0cfbb
"2025-07-12 08:31:06",7804,c5b57d439b127ae4302975b5e260ff96308da3a4
"2025-07-12 08:41:06",7805,eb4c190a0922fbb6435b8ed310d513488eae76d2
"2025-07-12 08:51:05",7808,75970b7f08ff942a08d66248531d7651dc6d0ab0
"2025-07-12 09:01:05",7809,f0a92be4bc748b989dbe71365fb1f0587c96aee8
"2025-07-12 09:11:06",7809,a48aa194bbf2c9e323647c6a2a10089ce5bf4f3d
"2025-07-12 09:31:06",7812,8c94147f81c8c9ffeff7a5dcce33cab2524679e3
"2025-07-12 09:41:05",7814,4cd1519f9b89d85f945d7f82f7ca5553977f8b77
"2025-07-12 09:51:05",7816,33012869b4e6239f406542e22bbe4fd72335dee8
"2025-07-12 10:01:05",7818,f9a77bf003106592f74ff473539498feb5bc3b39
"2025-07-12 10:11:07",7819,b734c40d6c642492bc9d3e1aca0d139a76250956
"2025-07-12 10:21:05",7821,c396664876bf557b7275335360a78b9a98c4db50
"2025-07-12 10:31:06",7819,3d0aff6ac7846fd5747e2cc6fdfa34376371088e
"2025-07-12 10:41:05",7819,4db21332936c09cbb7e8447462155b3d58708223
"2025-07-12 10:51:05",7819,4af8c14cc9717426b0380a3f4e83b8806c9ecb2f
"2025-07-12 11:01:05",7819,69331fee24020f99bb62e42536dccea4de32463c
"2025-07-12 11:11:06",7819,a9a4a54acd13f01a37ee14503189bd1975391e41
"2025-07-12 11:31:10",7819,b8e3db5843cc9ae609c95c5406efad1b89176357
"2025-07-12 11:51:05",7819,1a16a9bd8b350a884998ede74662fd1c2712140f
"2025-07-12 12:01:06",7822,95b40cbfd2bd6226825f6b317128ed973a3508c9
"2025-07-12 12:11:05",7822,9f6da13878b51a1c3f4ad4addd1f5c2b69e6fca0
"2025-07-12 12:21:05",7824,2e7528f947ded57d5d7e61577a9607d5c682f929
"2025-07-12 12:31:05",7830,39b31b60f05c1afdb6ada0a5f6591763d1aff5c6
"2025-07-12 12:41:05",7843,971b2cf9780a62182b1fc217340205abbaf30cc0
"2025-07-12 12:51:05",7846,fddfaa5cbcdbcaa16d98e9435cb0bd4519d939ff
"2025-07-12 13:01:05",7847,a10a93c25c01f97494eea3255d605af57d84b8fd
"2025-07-12 13:11:05",7849,331d29a0807a4081f000722caed116188d13eff7
"2025-07-12 13:21:06",7849,a3b246d72ccd796c5cded6e4af5b63d24c3bf1a2
"2025-07-12 13:31:06",7851,19466836210ea9c10dd768ac222d4c902157f67e
"2025-07-12 13:41:06",7852,a97dfb2881df25a4755cd4d036d49abe23f339b4
"2025-07-12 13:51:06",7852,b0bdabdd66ea1e79ad970307ae33b8dab89c1347
"2025-07-12 14:01:06",7852,1dad40d1c24624390e834db3fdcf25c47eddaf05
"2025-07-12 14:11:05",7854,2f778f1cb68df2ecb9dc0b1e170ce4d103ed7ead
"2025-07-12 14:21:05",7854,5d5f79ecb5fb48fbe34ef6ea70c75d503cf37a1a
"2025-07-12 14:41:06",7854,4911c341c00606016a5483e7e943f41b86338e9d
"2025-07-12 14:51:07",7854,f4e86ea64eb637656b85be68f0f1bafd9cca7855
"2025-07-12 15:11:05",7858,ba2ce4a348362db3b8e20569c14049355e3ab75e
"2025-07-12 15:51:06",7858,aebfd7e0154c97cc5bc0c66bb64ff63688d3f8c2
"2025-07-12 16:01:06",7858,be333d9b1cf494ba80c490e1eb4aaf5aec0f1b74
"2025-07-12 16:11:05",7858,ca8755d3e073c456e5b2aff3a797c47f23e77f34
"2025-07-12 16:21:05",7858,f5c3b12dc1bf3f3e6413b41ab0da68ad2b917913
"2025-07-12 16:31:06",7858,d35f5b01451398f817e881d5525d010aaa321a2a
"2025-07-12 18:11:06",7859,4d9397081b5a3d4f1b9aed77216ea3dbe00b33b0
"2025-07-12 18:21:06",7861,7e5d12e02cdeb55d090ded4007242368e589fc68
"2025-07-12 18:41:05",7861,2f2a4b566faff856735ce201f2a45d685eba3a3d
"2025-07-12 20:41:06",7861,c4dc5fd80dff1c3e6a780a27311c8f1b5f470acf
"2025-07-12 23:11:05",7862,0cb897fddf1f0deef77b3e60b2b5ddae5180ac36
"2025-07-12 23:31:07",7864,7551c1cc62b88ec2505dc434233111107fa93d6f
"2025-07-12 23:41:05",7864,8361e7169234340e14294c27d16d09d8b3b77c76
"2025-07-12 23:51:06",7864,e47f30ef21fe1562706f19e7cea0a7dfe3614402
"2025-07-13 00:01:06",7864,fc8cf89a0ab6f7647950ebbbfcd910d0868743d6
"2025-07-13 00:21:07",7865,083fcdc4e5900669d76224525f2da1a0c697bd6c
"2025-07-13 00:31:06",7865,3d918a484f6bcb03b80c64d91f6ecbe3514fe664
"2025-07-13 00:41:05",7866,c57cbaa9a0043aed5c7278967704f55c71a39ea0
"2025-07-13 00:51:06",7867,5b5fac7467cadcd559cb9e02e9f1a734d4992a69
"2025-07-13 01:01:06",7867,012520e417f282f0f5f0fc121e587bcb13ef3402
"2025-07-13 01:11:06",7868,b5e03ab7ac318d668cd669422a3e4be15d7c8f2c
"2025-07-13 01:21:06",7869,34c34a9e1b06e292b6f457ba31cb822229573dd5
"2025-07-13 01:31:06",7871,e67b4e957f325481ffa8fd715c7a2f3178cbbd7a
"2025-07-13 01:41:07",7871,81671d74a8abcfd8df32c9e50023a30ac5275b41
"2025-07-13 01:51:05",7872,a40897e7051549500d0b2b273041d306de0bdb59
"2025-07-13 02:01:05",7872,38f3d58a2ad4575a53af8e8a210f399407020e38
"2025-07-13 02:11:06",7872,7c668334e707d70f6ac6d37f027f9da6145e1e82
"2025-07-13 02:21:05",7873,93fd37e42b51d8cf9fe9399526226a8326d6e685
"2025-07-13 02:31:05",7874,c6832e4a55b69505915a8ff2a3434cae865ee524
"2025-07-13 02:41:06",7876,19f847f9bcfcb132cd00acdb8c20b8157cf5346b
"2025-07-13 02:51:05",7876,9da9dfb15f57aebefe41781df0da0b815f3f2f6a
"2025-07-13 03:01:06",7876,527c24ea17364cea12f0bb240a5b323d95968783
"2025-07-13 03:11:06",7878,8df7af00e4c7d47cc91cc800d89a20d1d9cbd22d
"2025-07-13 03:21:06",7878,beb65f2293569af7a20c293b9e6cb50974994324
"2025-07-13 03:31:06",7878,13ac84f95ac6f964647419f66d2accba91ea9a68
"2025-07-13 03:41:05",7880,2c539255613e140395678d4ba320636d743fc662
"2025-07-13 03:51:06",7883,3847b73518fa94ab315552db0a2b8e55af6a584d
"2025-07-13 04:01:06",7885,ff8586b0abd69a6049845e1f0bc4c90175e38ee1
"2025-07-13 04:11:05",7885,1a3b0d2367c19d898ed6a36d0ec71cdd2ec9d39a
"2025-07-13 04:21:06",7885,659d48f87fedc84cdb5fe6ff598f2fd059f3eda4
"2025-07-13 04:31:06",7885,10f27ca4cac16f7486f169ca54d6971eae192750
"2025-07-13 04:41:06",7886,1ccb9e6c3b7e7f045630f97c60ded4278b0d1c7f
"2025-07-13 05:01:06",7886,b23bf89d34d42105df34cb712f582db67ed55358
"2025-07-13 05:11:05",7887,92bc10a10fce81c4900efcb76fc364b0be252cff
"2025-07-13 05:21:06",7889,d358e58a9b69b476d4c1d51902d1f3fb44ab76fa
"2025-07-13 05:31:06",7890,df18bea8a6f5ac76b5425bce651d30650d7c59d8
"2025-07-13 05:41:06",7890,67ef2e5a9fba8dfc88fe5cbf41787ed0c3b29dff
"2025-07-13 05:51:05",7890,c8e20ec0a87907310c44fa99c05fe18fb6c8f5d4
"2025-07-13 06:01:07",7892,88305a60a94bdb932bf38c1810c94b2e1df8beff
"2025-07-13 06:11:05",7893,2a61567903e7a7609749a1b86934887e7a8e4b1e
"2025-07-13 06:21:06",7893,15e01d0de2bc505bb89644407d1689554acd7f46
"2025-07-13 06:31:05",7894,efcac219f17c91e6dffe1255c7f0da29c1eaff04
"2025-07-13 06:41:06",7897,08bcd21b0480ebcf064a4fc967e8caf79a9a28d8
"2025-07-13 06:51:06",7900,ca9f86f150a66313e17ceb14e031f416b37d6156
"2025-07-13 07:01:05",7903,4035ada083702e264577792463d57755997e2255
"2025-07-13 07:11:06",7906,5fd615edbdba578c0fcd0a77e6e8bf2f22ca7977
"2025-07-13 07:21:05",7906,feb945d2c52b97c6bfe13bb55810773af66f8136
"2025-07-13 07:31:05",7906,1f070f4bc9d23872f88a98ac88003061e14fc609
"2025-07-13 07:41:06",7907,2bcd8f26537da03bbf0e9c3c27c027508eadd312
"2025-07-13 07:51:05",7907,31dd001fd1706d654a975aad5a8ef8932527e1eb
"2025-07-13 08:01:05",7907,9709e7dcb9b222001a29a4e0e5a0477885de1159
"2025-07-13 08:11:06",7908,d688d1a656f56b901eade96c2892ee2747fabb7f
"2025-07-13 08:21:06",7909,f2449b37292917ecf9b471a7cfd75152b9de001b
"2025-07-13 08:31:06",7909,c66cb1138e0bacc2606c0e0170fa5177e3524c0f
"2025-07-13 08:41:06",7909,0ee4eaa78b93b47158c42a5a322907da3f901a3b
"2025-07-13 09:01:05",7909,5dfc87af37ce3f7455fcc05fa358fadba523e3ff
"2025-07-13 09:11:05",7909,c54c0a44ba0199a9679ab8217be1ca372e3a8ccd
"2025-07-13 09:21:05",7910,277a2ba521f514286d6d5f626148b23a8ec4f044
"2025-07-13 09:31:05",7910,1de35a6de10fb7de1e8f6f992b9228e4f2ae3be4
"2025-07-13 09:41:06",7910,2b47e6292f1202521062529dd0454b5172b6c310
"2025-07-13 09:51:05",7910,6c9782c6b640871198183c5d5bfb908627d778b1
"2025-07-13 10:01:05",7912,ec4f7d1f5ccb428074129ab9408fad7d486cd304
"2025-07-13 10:31:06",7912,85af75c9c5601633116ccbd0548f1cc86fb8e9ff
"2025-07-13 10:41:06",7912,e9bac711c39f0bb6c9fa0b7654c9db4c56f7c200
"2025-07-13 10:51:05",7912,bca6449a151c6f20c57df0a8b0b4e70e2eae240d
"2025-07-13 11:01:06",7914,2e7b8cc2b9b9ee5468a3fac9c79982aa737eb2ba
"2025-07-13 11:11:05",7915,ecb58954df68a2c7e856c48e88a41d24bc5f79ea
"2025-07-13 11:21:06",7916,60955824bc5e527a5140ffb0d52827577e4ec0f5
"2025-07-13 11:31:09",7916,d65e73fc488b43aa29299f1908e0dc0e1cf749f2
"2025-07-13 11:41:06",7916,cb307d924106bbd5f547802378d2d8110e16b547
"2025-07-13 11:51:06",7916,52cd145e5ce576da2e6292f2cd180d66c91e323f
"2025-07-13 12:11:06",7917,dd87cba89a44f702ce67d198603560185146dac3
"2025-07-13 12:21:05",7917,83f13175bc83d577cd4fae980dd6c87f742c4b33
"2025-07-13 12:31:05",7917,3113012f2302eed2e8e80531f0d820c706593c7e
"2025-07-13 13:21:06",7918,782b761dc104d9959b809d8438fd818a94c1a604
"2025-07-13 13:31:05",7918,a7f9374d5e76439577939d1995acfdd05f560e45
"2025-07-13 13:41:06",7920,6f15456bf6d7d003709603175464d5a8b28c7c6c
"2025-07-13 13:51:06",7920,da08c437cc4c1d76da657756326828e44753df62
"2025-07-13 14:01:06",7920,8c5e8affd01e6e23c40390af4cf157765c22f689
"2025-07-13 14:21:06",7920,cd59e58abe06c6243332ec1861d6903f33284bff
"2025-07-13 16:51:06",7920,b13007b4c05a290ddf3b6b2bad5913fdd6801145
"2025-07-13 23:21:06",7921,b65ba751273b44490c29aa4b062c46495b64e350
"2025-07-13 23:31:05",7921,1b2c2ffe30bc76089bfc4081a93b5031f8c7f561
"2025-07-14 00:11:05",7921,b30d2e3619890e842e058d24af19c0fdc50c8710
"2025-07-14 00:21:05",7921,bfe6a97f12c17201b56cfe37311827fa4b09b711
"2025-07-14 00:31:06",7923,3756c234e311d209026f665940dd0d602acfe1c8
"2025-07-14 00:41:06",7926,2774c7b7e7b680be694a04df53f774427641a47d
"2025-07-14 00:51:06",7926,24c22fddaeab1c2cd8ef74ecf2ad2ca318bd4c74
"2025-07-14 01:01:05",7926,dad73064aee44ea3aab5001aad3ede5258e9c1e9
"2025-07-14 01:11:05",7927,4447ce712872846d23aa1252a99f2d20e25ced28
"2025-07-14 01:21:05",7928,80e4b8c5f15029af334e9e2aeba8ee484f282dba
"2025-07-14 01:31:05",7930,d8c7a169fb62c67c78c43176f0c96ce811401380
"2025-07-14 01:41:05",7935,80e4570ec1da8fb09e1598c918ea7faf26805d64
"2025-07-14 01:51:05",7936,34567e3b95f783e55f10388889e182240546d33e
"2025-07-14 02:01:29",7936,6e4d4aec59c3d17d8a5c063cead21cd40432774a
"2025-07-14 02:11:05",7936,048243301a57c3737c74ad4e3709f49093e28a37
"2025-07-14 02:21:06",7938,6851a5a1446679badffbe52e1ca38feedff54981
"2025-07-14 02:31:05",7937,9d5d5959524e781c3b411a0db237b3aaa8fd5f56
"2025-07-14 02:41:06",7938,a9d58f9805d311e2e08fea58f589cd1790795f57
"2025-07-14 02:51:05",7938,c01405e1fd92c0db768dcb8417c04dc83feeb67c
"2025-07-14 03:01:06",7938,24b0892d3bd239e8e92e4c444ff8a30e31a9e536
"2025-07-14 03:11:06",7939,4a2dbf50f98325f5acdcf53cfa2da3fbc8269cbe
"2025-07-14 03:21:05",7939,5d344c419f998d7070f2ed0ad61ad27857565ee3
"2025-07-14 03:31:05",7939,60e368b8f9ee1f4db42c4586701cf150ea24350f
"2025-07-14 03:41:06",7939,02b5e9364e210d4dc21264a729e12f3b35f745d7
"2025-07-14 03:51:06",7939,7902b1e7105399b47921a1ec214e4adad845af91
"2025-07-14 04:01:05",7939,0166d24cb980640c0a3a1df11b625c2891c04cab
"2025-07-14 04:11:06",7940,5d4fa26a4819cfcad4614845ad70f8e521317a0c
"2025-07-14 04:21:05",7940,3980704fe34dbe572431e85c83da30707e231ea2
"2025-07-14 04:41:05",7940,1b72d0e30a6e1238cc5762df19924d64206bdcb8
"2025-07-14 05:21:05",7941,dc3d7e29d19be67d11659bc7d4a7894665e9897f
"2025-07-14 05:31:05",7941,35d04b141ae992486d87ee80174253f1e645bfc5
"2025-07-14 05:41:05",7942,a6ebecd45c3a6f432391c0db555eb625eb2413d4
"2025-07-14 05:51:06",7942,bf359af802d4605dc8a0cf67d9da1b0bf70b275b
"2025-07-14 06:01:05",7943,190cdc6ace9f367c048346fd6f53d838505bf730
"2025-07-14 06:11:05",7943,0425a3b2e5fe161eb8f9ba0cb20cd182c18ce98f
"2025-07-14 06:21:05",7944,a763a85e2f7536c8817962ad94efe2f66469ec6f
"2025-07-14 06:31:06",7944,4174e4249bacb6f0c08c95e9902e3121f09f1210
"2025-07-14 06:41:06",7944,f90f51807562b2fe1b08912b9cc9b8644f3ed55a
"2025-07-14 06:51:06",7945,93ee1d7575658ad02662be88a0ab24761f229b3b
"2025-07-14 07:01:06",7946,1c004a453d457c963814096ed989cf4ae928c133
"2025-07-14 07:11:05",7946,a705927e9d7090b126e701be4ca68aec89bb7d6d
"2025-07-14 07:31:05",7946,4f91a236d6d8c1e16d9192d3b7e65a0e9657378c
"2025-07-14 07:51:05",7947,57dffbd883290d901bf0d8a0f2efe87dfd8c8f68
"2025-07-14 08:01:06",7947,4ff48e01bfdf69cb26f0548cd267d470c04f44c0
"2025-07-14 08:11:06",7947,8a5bfdcb7b646b1ea012cb89f5c3bb5f82ef248a
"2025-07-14 08:41:05",7948,1fe21cae4cfd1ef91690469f303c6e1da16df497
"2025-07-14 09:21:05",7948,935149ed07d42cb7a72708f5ef01099ccd88ba59
"2025-07-14 09:31:05",7948,f13ec3242a615994166cc8ea60caa43dea943d9f
"2025-07-14 09:41:05",7948,9b7ba7404bd9b8315e6e84e31766f16cc0325f50
"2025-07-14 09:51:06",7948,45ff0de8e8571e58835e752b8e984815cbb6fe4d
"2025-07-14 10:11:05",7949,ae2cf4b1a0c03ce1f94cd1138faf743348e679c8
"2025-07-14 10:21:06",7949,a32bc2c3c3ed9723d3bd246252beae52aa821ce1
"2025-07-14 10:51:05",7949,28af7f82a24eb07501505339498d3edc765e8bf4
"2025-07-14 12:01:06",7949,a1416a719f81e5023a2da9454e24d720e670afd9
"2025-07-14 12:31:06",7950,006ec0fdd9057881d80fd25a35f9212e5e3dd488
"2025-07-14 12:51:06",7950,4a610df8a599ca6a5c2214a19ca806a407b56615
"2025-07-14 13:01:05",7950,6f810119d41369bda654b1622838cbb75465890a
"2025-07-14 13:31:06",7950,5595ed9347fd50ad903ed827ee5574dd547b9635
"2025-07-14 16:51:05",7950,d58dd69eacd673af6787d3d52e9e981648473565
"2025-07-14 21:01:06",7951,bd9358c02807bca15008c2975e8cf7e970d8647e
"2025-07-14 21:11:06",7951,72af1ce7552ece600842c759add7ea7be74388b7
"2025-07-15 00:11:06",7952,5f5ce76b64e1ee5f9b0058cec1117a3a375bbf9a
"2025-07-15 00:21:05",7952,629974d4546b1ed5737f00ef426d9b49ace44e6e
"2025-07-15 01:01:05",7952,04f10c04b732fdb53165d4d8f40637b90cafb47c
"2025-07-15 01:11:05",7952,9a95f8b62a554f03f772e49e06de2a768d87adc8
"2025-07-15 01:21:06",7952,6d948b8569a7f7e8f0a158efc97661da64bbbe7b
"2025-07-15 01:31:06",7952,d9f0580b3d5c3b0c26032d48d0f9b42d45546b7d
"2025-07-15 01:51:05",7952,09fee207bcb62dfc2a5621a9c0ec758df9a8f5f6
"2025-07-15 02:01:39",7953,7be5f6ae08b5375074946221ed3333204f89437e
"2025-07-15 02:11:05",7954,40ec9abf9ec1eab979af6196987777cc48c7eec5
"2025-07-15 02:31:06",7954,ce10356d549f7a14390b1aeb59592d8dbc6a9bdd
"2025-07-15 02:41:06",7954,3fd296b133096fee5cedc6cdd728bff3247a924c
"2025-07-15 03:01:06",7955,0ee489ad1a910862a3f389c0d25757224ba32974
"2025-07-15 03:11:06",7955,db29c1bed12fd2500d1ba29d90636caa5c50c640
"2025-07-15 03:21:06",7956,ae5b26ca9c943d346f4bab41b8c8df5c53f388d5
"2025-07-15 03:31:05",7956,94abadc2a9489dd8cee550c16ebd358b78d8b34b
"2025-07-15 04:11:06",7957,3d6cb9c084e24e0413c85793af7890030678f5b2
"2025-07-15 04:21:05",7958,201a56e7dae859c12d6a4d4f924f8e32f43c5c05
"2025-07-15 04:51:05",7958,1d332af15e25a2a3792a556e13a039165067d954
"2025-07-15 05:21:05",7959,f88678c92fed2540942e3db39faab97619fdcacf
"2025-07-15 05:31:05",7959,05954f6499dea35a8f728312a12a554abc9e51e1
"2025-07-15 05:41:06",7959,a5df2a7c509e39b54a4a8efcdc176d10cd8bf456
"2025-07-15 06:01:06",7957,57d916eadf33e38aeeff1f9fc0793706e0037dd1
"2025-07-15 06:21:06",7957,c10846665e993369406c86a3851db2d6b11b148d
"2025-07-15 07:01:06",7958,8121fe1c46a89d0b8ef0f9b95ec589d162364e60
"2025-07-15 07:11:06",7958,6009c725ad262841263a537550455065af34def9
"2025-07-15 07:41:06",7958,178c578309fa889dc23cfd2e0187c36319cb481d
"2025-07-15 08:01:05",7958,8fc511cd68794dceec767b54b1c717ad89c968ee
"2025-07-15 08:11:06",7959,9ea2f958f20ef0e1e0d470e7f83e126bad90c217
"2025-07-15 08:21:05",7959,6fd88f144c1a3702ea882d86fe65d45d1338cf67
"2025-07-15 08:31:05",7960,746e6c271539ed8fdac3de4fc90d243bb549f6bc
"2025-07-15 08:41:06",7960,dd7051eedb10d607aff6a812f7d919f3f233f2c1
"2025-07-15 09:11:05",7960,50b051d5bf6671a9cb202daf7bb4cdb69c122e7b
"2025-07-15 09:31:05",7960,a1fb792d8ff75e71d51fe3feddd578d182d6fafb
"2025-07-15 09:41:05",7960,5dfd4e94df02ac25170b2054e3752c29432ee109
"2025-07-15 09:51:05",7961,c00b7d90cdb344ade78eeaadb2605267a805fc01
"2025-07-15 12:21:06",7962,5ac68c1984554c51fc9601ee8147076d4af452f2
"2025-07-15 12:31:05",7964,0ba92c4a16c20f7575d74aef3fb828f1d1148567
"2025-07-15 12:41:05",7964,c66d815aba2041ed471c4794f546d2765e8c41ff
"2025-07-15 12:51:06",7964,ee0d8fe945534342d13bbc6444162c21ff2b4068
"2025-07-15 14:01:06",7965,9315f15bbd2dc7c89c466f0dc5f84975307f7e8f
"2025-07-15 14:11:06",7965,b28da45e8f0fa2f7ba9285b767d68ce86af07415
"2025-07-15 14:31:06",7966,e7425e30a0e21cda1161cbb1e4b62f213e436c7f
"2025-07-15 14:51:06",7966,3b01a0d3455d954b0d5c735a183234f769a1e9a4
"2025-07-15 15:31:06",7966,28dec0ca83129e96840cdf41a1da30796ce1ec0d
"2025-07-16 00:41:05",7967,4a7b5fb6e6f145ba7c4cb53e36b7a160099850c3
"2025-07-16 00:51:06",7967,bb8468d2de12348629568daaf244321ee129dda7
"2025-07-16 01:01:06",7968,8d36877710584cc0a1773a3779e6cb58346b9bda
"2025-07-16 01:21:05",7968,b1f8926ca3ee9c62ae4b78ca0c53ed16ac39e5a1
"2025-07-16 02:11:06",7969,a6700e14468298ca41b115b4b9fa8e67e0ff6ce7
"2025-07-16 02:21:05",7968,866dd168e98368689dd65445cb67bab9829f4dee
"2025-07-16 02:51:05",7968,628e8694f4ef38e1793e17631f277ff883fdb617
"2025-07-16 04:11:06",7969,75095252a73272e9c5b634e06aba7a1243bf0da6
"2025-07-16 04:21:06",7970,74afff2c591e3573b471d83a0a5fccef0ce5f096
"2025-07-16 05:01:05",7971,59b7187812424cf1412c7ae3f5c537ae8c5a9f87
"2025-07-16 05:11:06",7970,810fb1d6471eba8dfb5806ce42390ba2492384b8
"2025-07-16 05:31:06",7972,7043f9910fb8acc76d9f4ad97e9b6e2b6a6ce2e8
"2025-07-16 05:41:06",7972,6722ed919e61c36cfac8770ecb931bb0a02efecc
"2025-07-16 05:51:06",7972,746700af653c1d247fe5bfa3d0f5d580ada061f6
"2025-07-16 06:01:07",7972,3dafbf59cccc145e91c83a697ac0146d68a5b80b
"2025-07-16 06:11:05",7972,0d86e516b0a7e4c10f2b2a86f4b55218c0ca2fbd
"2025-07-16 07:41:06",7972,d88cc340279e1063b890ad0e883588974803c2ba
"2025-07-16 07:51:05",7972,ca377099230b822d9a37c7b71c48ad8ab88d455f
"2025-07-16 08:21:06",7972,6bc719a9c858216915ce488ddfd68f8621ba0b12
"2025-07-16 09:11:05",7972,087edcd0031d3e618c19c01df6828eaa4bb87daa
"2025-07-16 09:21:05",7972,8ace71f7fe4044c9b47bf969a3a0ec381dedec80
"2025-07-16 09:31:06",7972,738005c68cfa802e47c26d33c8bca31b289c5781
"2025-07-16 09:41:06",7972,e76d7766d882c61d194b62809025cc518fbbfead
"2025-07-16 09:51:05",7972,859233a2f8900be0951b76a9b588734a0095d076
"2025-07-16 13:51:05",7973,caeab1d48c52b1e8f9576f6267f901ad43b69a69
"2025-07-16 14:01:06",7973,74a0080a3bf75bbc9a74e7a3f3f8992a37127a5e
"2025-07-17 00:51:05",7974,d72edc28a5d771878fb469283f1b0fd92917e5d1
"2025-07-17 01:01:06",7974,a0c748a440008238df332521e590b4012f25c97b
"2025-07-17 01:21:06",7975,ef2798cd8b2ed8229b99b5bc445dabdc432994f7
"2025-07-17 01:31:06",7976,4257c2ad5c8b6a84e4853d1c9f16cec9787f9bf1
"2025-07-17 01:41:06",7978,ef7864108c3524f762e6d0f63b4260b96c36f37c
"2025-07-17 02:01:42",7981,b6e7c0a6cb8625b69461d912b46c8572061da5e0
"2025-07-17 02:11:05",7981,658fd248b687091576ae4d28be14f308706a6d28
"2025-07-17 02:21:06",7994,fb0df057a2457a1d6c3dd7441efae484844a2eff
"2025-07-17 02:31:06",7997,3c154ca785c352086ddd92c82dc10d3264170509
"2025-07-17 02:41:05",8003,d0b3efb4ee7582f9b9714e6703c0d4960a3a2f87
"2025-07-17 02:51:05",8007,672ebb3a2699adbddc754c85c1879fe6d115ebb0
"2025-07-17 03:01:06",8008,00ddd5b62a85290377b33b91b070f70c7ae6d863
"2025-07-17 03:21:06",8006,f79bbf87b468230e0122ce599d7de544e3e7685c
"2025-07-17 03:41:05",8007,517e8b284c4e85f07ecc263de77920ea273dce65
"2025-07-17 03:51:06",8008,a4f485c926994b24825fc687ac6aa74cd97f0557
"2025-07-17 04:11:05",8007,d6f65ac47bbd1d01463655309a375b5e6e3f1d8c
"2025-07-17 04:21:11",8008,7fd9316e0d1325e7e72509b4e894defaa183e724
"2025-07-17 06:21:05",7980,9684d48a27f01b8630e49a4bafb566059a642ac8
"2025-07-17 06:31:06",7981,dfdaea5380dce4614a59c8b31f3b607db71a551b
"2025-07-17 07:01:06",7981,f7d690225d29a0746c4c5a9df158d9eeab9a6499
"2025-07-17 07:41:05",7981,5e278aa0bc22c04f36177ae3ad545208efbc987b
"2025-07-17 07:51:05",7981,c582ac80908fc62b0045e1b1b207a5dc58c48897
"2025-07-18 00:21:06",7982,151193cd08b7218f58561c587dc68399ed45efab
"2025-07-18 00:31:06",7984,981b85f804dbf83f1042639eb63bdbb05e3b5fed
"2025-07-18 00:51:06",7985,61c10ef28f0161235c369523e993279c734cb26f
"2025-07-18 01:01:05",7985,d13b6e820c552305ba083a13561d0e723d0cd2cd
"2025-07-18 01:11:05",7985,94bd153c4c2895f341a1ce42bc77c94dbb5aa079
"2025-07-18 01:21:06",7985,80beb136edac0c307cbc49ddbc297f6bf9fe4039
"2025-07-18 01:51:06",7986,866eca5493a826e8b6440f05a4d109ade5c86715
"2025-07-18 02:11:06",7986,9f4eab58657a764e341e783032c7f8cec85c698f
"2025-07-18 02:21:06",7986,702306da5bfe067aba56cc37c5ef5c32e005291d
"2025-07-18 04:01:04",0,737cd946992de8d367ac2de0e87c8e92708113ac
"2025-07-18 04:11:03",1,92c6391895ec4cfaf648dff5c5358c241197c78f
"2025-07-18 06:31:03",1,f4a8f73b3e6fae37c92e003a44c738735fd366ab
"2025-07-18 12:01:04",2,04940785b149575da65247bc5ef0ec7b0c4aff1d
"2025-07-18 12:11:04",2,7972005b4d4b89af68b692f243bc6b268391a20c
"2025-07-18 13:11:04",4,bf1c2ad412223ab3ef22f0c15d6c7e603755db4a
"2025-07-18 13:21:04",4,bc532c0b58084c23f1c8d162a1fa4f415a974ff5
"2025-07-18 13:31:04",6,607078859103a703cbe83dd384b74651fe5d238a
"2025-07-18 13:41:04",8,d03c2ce0464851b538041a52efecee1153f6f96a
"2025-07-18 13:51:03",9,7f59ffac6b7f8fa91e690cfcd7c31d6ad7f6cafd
"2025-07-18 14:31:03",9,74f8523ecb37595c881279cae21e8dff83d08c89
"2025-07-19 00:11:04",10,89c1218a62238b29f1e3376853b9217336892e01
"2025-07-19 00:31:04",10,f2191a33df7a6b55e5ab694ba2b29c4eb2d9bdb2
"2025-07-19 00:41:03",10,ffb68572b8b8c0d272387eeb07e551c6091e2c71
"2025-07-19 00:51:03",13,249e608e143d505c0bf33e6d2faa46adb2390b0c
"2025-07-19 01:01:04",17,9cf2fe7d4219d12393e4941ed4e61264cb056809
"2025-07-19 01:11:04",19,18ddb70e2dc24db51575a1332348cf2434810c30
"2025-07-19 01:21:04",20,d4aa04b18b31fc220aea0402eb386b5b8f470712
"2025-07-19 01:31:03",20,2f99f6a4fdf2753d59dcf1ab38613a6561ee1043
"2025-07-19 01:51:05",20,22add58a49f83aca634ab275af22c1ee022fd140
"2025-07-19 02:01:03",20,1ebfd6fb2205d67486bd4b00134e0b4f95d12088
"2025-07-19 02:11:04",21,4ecb5d77ae46dcad3ac2c3605f952a69583a880e
"2025-07-19 02:21:04",22,068fa0e57f08a59e799a9fc2dbe36867af4316e5
"2025-07-19 02:31:03",22,43541e12865e92a3279abdde2fc70780aff1f5cc
"2025-07-19 02:41:04",22,f14105edd0c4c6e18ee99a19f82eb0a42d2d76df
"2025-07-19 03:01:04",22,12c2fcb5fe4416fe8b334b4d9f7e66946f4c85d4
"2025-07-19 03:11:04",23,2f67a831613e18799def0ab87af625b3927b70ca
"2025-07-19 03:21:04",23,6c90d6ff74994393d722ee41a344ddd53b7db3e9
"2025-07-19 03:31:04",23,05dc294b25227cf1bbc4c51967e67512f889e7d0
"2025-07-19 03:41:04",23,ef186db6721f917906a91ee1dfe84c962a450a22
"2025-07-19 03:51:04",23,e105d264ea9eefb2bda993d6996c906adee620b0
"2025-07-19 04:01:04",24,8821f118e3c614eebb785b6975ee591653c73d3d
"2025-07-19 04:11:04",25,398bccd07f63f6635804a28b8e1719e8387be10d
"2025-07-19 04:21:04",26,e77d2d275a60de92bc1f9fbad91100acc2c30a05
"2025-07-19 05:01:04",26,3585a70569b2f7b6a74748f0665c714345a2a9fd
"2025-07-19 05:41:04",27,c1ea184e536e366abcb4126f25797f1bddaa7fae
"2025-07-19 05:51:04",27,a605e95039f7be98d4fdcea7b0137f28336dabb2
"2025-07-19 06:21:03",30,df5062e2eb62015dafe0ebd113317da50cf1a3c6
"2025-07-19 06:31:03",30,94e99ceb3442ff93c2d47c48b31d66e06e1b9700
"2025-07-19 07:01:04",31,99117fc039ec4043d3be79965212cf86f1c02695
"2025-07-19 07:11:04",31,8214e5d3667abd2f5476ded173230349bb394b84
"2025-07-19 07:21:04",32,c8996b12dce1dff57de373d03b553e3db21ab4c6
"2025-07-19 07:31:04",34,45db967495bdef6785bfa7a7d3f45e31059d6cb8
"2025-07-19 07:41:04",34,36f11d510f24727f884173894b32b7cebaeb26bd
"2025-07-19 07:51:03",35,11d50e394f1cb16bbc02c2a092f2da7b3c6e61dd
"2025-07-19 08:11:03",36,cdb8f7d4ca2d459b8c77e8fbb97b271832324423
"2025-07-19 08:21:04",36,c8cfe5dfd53f09ab5dc1eff7a0df997a330ab373
"2025-07-19 08:31:04",36,37fc0a9e2e531794d3922fa611fb78230a3c1aeb
"2025-07-19 08:41:04",36,f4c91baaa586ee645ccfd94312caf14477013efa
"2025-07-19 09:01:04",36,1c01177b79f0a5ba290c958135fc293b3d6c1a52
"2025-07-19 09:11:03",36,47bcd69e698317eb7e0b528024ee4926d9038e52
"2025-07-19 09:51:04",36,31c5c3467486d80a0f19c4220bd252ca0b98de5b
"2025-07-19 10:01:04",37,0f42b1a3fb81e114a25c49de6f5346e0830f108f
"2025-07-19 10:11:04",40,aeade6abe2846dcbf8227aca6486104a02ceee4c
"2025-07-19 10:21:04",40,7b604796014a9ce293896164a27398674927281a
"2025-07-19 10:41:04",41,d2e92bb8ea90c03cc3e246bc90ccf69b4bf4ba9e
"2025-07-19 10:51:03",44,d9910700e801d86cc7c0e878345dee4de779bd5a
"2025-07-19 11:01:03",44,d16dbcbea75ab5d1730919db5cfe23262997f7a9
"2025-07-19 11:11:04",46,bc1266ac090ad49339b1c2f3617355f7745a54a0
"2025-07-19 11:21:04",47,2fbd13ae76c7cac96f47f76a0b89983e6aeabe27
"2025-07-19 11:41:04",48,fb0fa817ebb5f6c00be3ebb39c21776188bf5323
"2025-07-19 11:51:04",48,060b11d6a769f979c1a1e1fa54c7be29ee12fd0a
"2025-07-19 12:11:04",48,61ce653d8ca483189d85c935fa0650d2408ac5a5
"2025-07-19 12:21:04",48,ff336c36887fef70c8d5e972696ba0d12d965302
"2025-07-19 12:31:04",49,000c9ba97dcd252f7d683d250f81f5781b27f628
"2025-07-19 12:41:04",49,311966b52c13aac3b89f33d08921ea3a69831ac4
"2025-07-19 12:51:04",51,f84c8583891d9b4c9f686cd0d1bca1967b3947aa
"2025-07-19 13:01:04",52,09abf1527099fa8c9b113d312cda651cc7402912
"2025-07-19 13:11:04",53,70a4dbbd0ac370faf35b8a689d4ea7385ee590fc
"2025-07-19 13:21:04",53,1a87a43f43c904ea040fb3d3cd9155df2c26ddf9
"2025-07-19 13:31:04",53,414b4a1bf917199c1c5e817c4855afea38265fbf
"2025-07-19 13:41:03",53,f26ccab6f3f01f870532b9f042f61afebf1cc5a9
"2025-07-19 14:01:04",53,4ee3188eb8219b6218f5d0b7d9294facde312c6d
"2025-07-19 14:21:04",54,4bfcac783604f44ca1a8aa1eeaedc168eb7c4eff
"2025-07-19 15:01:04",54,c797945a8340ebd6769e727458caacf28b3cf716
"2025-07-19 22:41:04",55,ace0adaf0585bb7cee2715b0e0a9039f2616cd37
"2025-07-19 23:31:04",57,efdb133d03dd9bf76bc506d8a76ad3392dbf4f65
"2025-07-20 00:41:04",58,22731f6b2dc3983a99a9af3dedf3effa5b192fed
"2025-07-20 01:01:04",59,2e978c96c06c3f0804fca191dfa76235fdcb52c3
"2025-07-20 01:11:03",59,a2e58500706685ed94e4000ed252a894858f57f9
"2025-07-20 01:21:03",61,ad668139fb4fbe200ea77dff011db0b933881904
"2025-07-20 01:31:03",62,37b245571bdf50e204d8051b1d6ac670a2d779f7
"2025-07-20 01:41:03",63,570bdae13d69d4e192fc421bbc7b323ad8849ccb
"2025-07-20 01:51:03",63,699db43a3321a6ff55e3fa0b23b658a2ef7442be
"2025-07-20 02:11:03",64,d88df720e71b039b5043153388222348b5147d52
"2025-07-20 02:31:03",65,b97df309ff0a5adac2adcb0723c676589803521f
"2025-07-20 02:41:03",65,686074213c7e9db3a70f5d73db5c2d560fca412a
"2025-07-20 02:51:04",65,c356c09b726c5a5e101dedf765796f40ce065ef9
"2025-07-20 03:01:03",66,7f8d66e99f310cb9a34f9d55c75f4d6246b4ab4a
"2025-07-20 03:11:04",67,6c18ebee34c495769fed87c9ef634c606426e15d
"2025-07-20 03:31:04",67,c342f82468df87bd82c13e9fa5b10a3db4deaf3e
"2025-07-20 04:01:04",67,551b3dc58e570628485281d8371bec38e23ff5e8
"2025-07-20 04:11:04",68,3b04d949f3698c8100dc6b9a543a80714e005e09
"2025-07-20 04:21:04",69,09d4faa83eed3dea686da256226441ba103f827a
"2025-07-20 04:41:03",70,2911139132f1ada80f43124f579635db33ba3233
"2025-07-20 04:51:03",70,f5a52cdecf3d662b327d020fd571e553640cb5a5
"2025-07-20 05:11:06",8056,51fbc610445de15f0b83540b7bbdbd116c2a54bc
"2025-07-20 05:31:06",8057,47cd53fe776bc9f2b7d42723520863440f98310f
"2025-07-20 05:41:05",8057,2ada7fd108b85093b0f5ba5d89ab0f43aa0398da
"2025-07-20 07:01:06",8057,9c5ca412d6872523143e42db2b06b4886476446a
"2025-07-21 01:11:06",8058,2afef9f23c9909f7ca1523af318e16f5cc8ea4b1
"2025-07-21 01:21:05",8063,f02899ae767cb2bbe9daf52fa50ffa78b3743fe5
"2025-07-21 01:31:06",8064,f56a1ddf5fac4b8f5c4cefe089bc65026183cc27
"2025-07-21 01:41:06",8068,4b3aa54d7a9295ce69515be84775a740f485f63b
"2025-07-21 02:01:34",8074,de92cb680d1ceb4787f64d6a9305a5c5b297e2c1
"2025-07-21 02:11:06",8075,ff7a3a29785651ee4f6a9615b6ff9681571b2b33
"2025-07-21 02:21:06",8078,8020dee8775a5e849f084f67704ac739705acb39
"2025-07-21 02:31:06",8078,ea59f358940d1a396fc407d4821d88e80e551414
"2025-07-21 02:41:06",8080,69d9928b97f1cb124bbb71596221a3293664f469
"2025-07-21 02:51:05",8080,67ac798189e14c228255e544153e726af23c95c1
"2025-07-21 03:21:05",8080,bbc912737d0961de6f721a7184ff6e3347bf2131
"2025-07-21 03:31:06",8080,76931c7565ac5f4b0241820b98a5fa4fdb18409b
"2025-07-21 03:41:06",8080,c7b086d2931850c577cf133c15cd085918003aa4
"2025-07-21 04:01:05",8080,c6f460d25a43da1d752a669ba591d26f6ed7b3c4
"2025-07-21 04:21:05",8080,d99c2a15c8ac6756de06528bfc0959e3ab21d2e5
"2025-07-21 05:51:05",8080,ef1e4b028b23ef5e0474b839d82faec01f58815c
"2025-07-21 06:01:06",8080,a4b5f01ff76dfd157ba54db7e2641c269eca7ac8
"2025-07-21 06:21:06",8080,7683095d129368b13c1ef1ffa9776eb1846938ed
"2025-07-21 06:31:06",8080,ae9149795ed16e85b4c772bc9ae270ebf548fb9e
"2025-07-21 06:41:05",8080,ba011c495ba22a8587f0ef7adde5b3ef47236287
"2025-07-21 06:51:06",8080,5f5c6efeae094474442b4370641b55a4b8f76ded
"2025-07-21 07:21:06",8080,dd5930f231044776c4441888ad8a32229ec3b988
"2025-07-21 07:31:05",8080,e7086bf24fda8df524994e3a7a3f934548d8273b
"2025-07-21 07:41:05",8080,c6bef0ff4dc416e3507b5427119a4afb18657c18
"2025-07-21 08:01:05",8080,4df7ca6deb95b513a15928783b47d39ef8293bba
"2025-07-21 08:51:06",8080,349ac136491492bbaf6236b3fa98b563a9f76e2a
"2025-07-21 09:01:06",8080,944536da47cec92de80195e7bb57a2982a1de818
"2025-07-22 06:41:05",8080,08afea6f27e77ba4e32df6e7255243adce4b8937
"2025-07-22 06:51:06",8081,b3f75e3322163374b397daba0e02d7c4b5a9cdf0
"2025-07-22 07:31:04",134,7ad4fed7aeeb0f3917bd25fb6d6d225768f6ee6c
"2025-07-22 08:21:04",135,9b6a7d5bc3b5bbcde52f38ed328d37d3cb2021b2
"2025-07-22 16:01:04",117,7d34595161fc91b0963732184f559d929385f369
"2025-07-23 16:01:03",108,dec1a57b45b1b9e3014119738aaa0481df946241
"2025-07-24 02:11:03",123,f83168640ed1bd00ae2b851abbbb538faa48ccde
"2025-07-24 02:21:04",130,049de8d56631052b9836a42a29e55f63da27b524
"2025-07-24 02:31:04",132,39ccb365074960df230356bf989a29a9fcfd6f73
"2025-07-24 02:41:04",133,b92a1a6ea26cbab11a58ac1af8ca82b9e564803e
"2025-07-24 02:51:04",136,f0e60edb90cf4a4120d378a63507d413ab9f9303
"2025-07-24 03:01:04",135,ea4815aa5b21f4920af221d824a4e8ffd187e353
"2025-07-24 04:11:04",136,2c097e0fa736269cd80341bf5da6fdebaa1a55f8
"2025-07-24 05:31:06",8194,015cd23f3ea7feb41a34d9dcde8f8acd1ebc8960
"2025-07-24 06:11:06",8194,6b9ce8441889274c06cac4bbeae51eb854e74296
"2025-07-24 06:31:06",8166,ee3bb62bda07b26c42e36f7c7bc543dd8a735c50
"2025-07-24 08:01:05",8170,da8f079f035878efa625bc8a0c3d2155474258fc
"2025-07-25 00:51:04",100,206e1b8cd62b562fc28fd5d4a0e2ae4d36b8fec8
"2025-07-25 09:11:04",0,2a7d385e4a6dbf49358f91bdde192d889b6be32c
"2025-07-25 20:11:04",85,8d389e679bf5b3348768d56bf5dd0918f3408ba4
"2025-07-25 22:51:03",0,100d70b090bc8616ab9183ffa5989a830a4206cf
"2025-07-26 03:01:04",85,54d434482b020d730b3865f13f77cea0a58fa2eb
"2025-07-26 16:01:04",40,851c9e9a5a765685c2312da808d2a2b917ca0f4d
"2025-07-26 18:21:04",0,da73fbd9acc2da551e5547e7e3f77eea2259a971
"2025-07-27 03:51:04",40,6056f8d45fd65d882707778624dee8bb1c3144e3
"2025-07-27 11:41:04",0,e43b6c116370d462044a90a8b932c82acb9fb088
"2025-07-27 16:41:03",1,7fcf6163e5cfeff67717275c22f5bc9555350634
"2025-07-27 17:31:03",1,80c79d996d6576be5ff2bee52fc0101414c86a5c
"2025-07-27 18:01:04",2,89619573657f065759d1967f60cbffe6fb8f1a21
"2025-07-27 18:21:03",2,2538ca24c5fddff20aa96af1de381085523804ec
"2025-07-27 19:01:04",3,4cef521fb9ee91cc0faa785d13689b4055223002
"2025-07-27 19:11:04",3,5ad5244c511353de62d5626e8a0f6accbae43a97
"2025-07-27 19:21:03",4,de4f44345d0070f822804a462671f628fe6eb20e
"2025-07-27 20:21:09",4,fa6fa4df7ca07768fa765923ff091c3fbf4f2edf
"2025-07-27 21:21:04",4,4db889ae03e2c782cba4331f72602892cb7a0eba
"2025-07-28 00:21:03",4,ff966f45b61f7e9fab2a2443c024526ee0c39fd5
"2025-07-28 00:51:04",6,9ddccaa808dd63f708a761e6f9bbebc60dc1094a
"2025-07-28 01:01:03",10,328d0fd120fdd1f0b9d0b5536408a88306342b31
"2025-07-28 01:11:04",14,9cce2a96b0ad37d60f9c50a7cc97eb510c803f51
"2025-07-28 01:31:04",15,8f91fa50fc913ca5f669830d6c8cc03fd0476148
"2025-07-28 01:41:04",17,a468e7ef718a0a6f69155113ff464a11c240d9b6
"2025-07-28 01:51:04",22,92a7b3de11a1ec2fbd536143cdc1be8a40f1b058
"2025-07-28 02:01:03",22,60fcdc192cb2b7ca5d03ef9d1dd4f48a99819e4c
"2025-07-28 02:11:03",23,266fe8374d0f8b99749d785d556317aa3c547793
"2025-07-28 02:21:03",23,93e4f9d4cc25597be091bd5c4a0653d196e58d06
"2025-07-28 02:31:03",24,e9a52acec6eb6aef09a6781d471154c4d50a58af
"2025-07-28 02:41:04",28,75487985cae35ebef716be64e855de7eae6ae08d
"2025-07-28 02:51:04",27,911bf96ecd296f9bdb280bcb716d481af56a9dcb
"2025-07-28 03:01:04",28,34a4c2092dddb838bf2fc4b9773450047fb1f2d8
"2025-07-28 03:11:04",31,5c8a5ad574a6b16059bc735415575041bb2b1599
"2025-07-28 03:21:04",32,328f26583bfa78b3418a83e183acede187d8b51c
"2025-07-28 03:31:04",34,6412469f6bc1523f21b71d57fb7f47e10d00fddd
"2025-07-28 03:41:04",35,b36a7d4d95012d6ec5739c238f9739ee1788166f
"2025-07-28 03:51:03",39,69c1688bad868b009e54c1ba0909b05668b5500c
"2025-07-28 04:01:03",40,b5ae754466098fc7c146fb5a23e54d6895877580
"2025-07-28 04:11:04",41,fd8f8c79c21249c4c5687ee4d534194ba7ae7506
"2025-07-28 04:31:03",43,977595dbf20379ca4cdc759232a1f3e991d8a9b8
"2025-07-28 04:41:03",45,03f997cd33d88e88efaca53347eccbd4b0b2b27f
"2025-07-28 04:51:03",50,957d0673289d1b55dc61084a54fb89818c9a476f
"2025-07-28 05:01:03",59,1f53263009586baeeb1be685af9144e83d69da23
"2025-07-28 05:11:04",62,044fb6cdbdc0e4c4ec1434cfe9dc1d363ae49ca4
"2025-07-28 05:21:03",62,a8114827b4aa74a85b3c05d87d1b7bc0f528a2d9
"2025-07-28 05:31:03",63,5093c7541b7ca2e193eb330b212e6993fd2e6dbf
"2025-07-28 05:41:03",65,5cf6f98d6589e47d8475ec2a78eec8d6df9338dd
"2025-07-28 05:51:03",72,bdbd4c4686377a61a83ce739610f4752b94f6566
"2025-07-28 06:01:04",79,c39884e508914248f62422aa0a51826e4f2d0303
"2025-07-28 06:11:04",84,18988429d1de0d10a967d0e9ca7f3c5007ef97bd
"2025-07-28 06:21:03",85,50f93168e98fc10b014c0a0b71143b1662af35e3
"2025-07-28 06:31:03",87,9b0e5519cbbbd3058b4ad2bb164d4f85e15f1ef7
"2025-07-28 06:41:04",92,99c3051cc51d340b76bb8a5d322e808e2c4f827f
"2025-07-28 06:51:04",95,df8500a36856bdfed17b2a994551cf9b672571f1
"2025-07-28 07:01:04",97,27b017de4f642a99805ba81f84816cb5287c5f4d
"2025-07-28 07:11:04",97,0bc9afb6c2b697f2135cb9163ee35ab3e16d0b05
"2025-07-28 07:21:03",103,313a7f6aa2d125deaf1150769bc99648f4949249
"2025-07-28 07:31:03",105,f1a12d542fb1b80f26a4ff415c43aab04f70b3d5
"2025-07-28 07:41:04",109,7a0ca110d4081aaf51297b9dd72e7e87a264c8bc
"2025-07-28 07:51:03",110,17ce428f4b15a42d4bc38a1ecc0769de2efb7343
"2025-07-28 08:01:04",110,b67efc5a7612767d925aac8e7bff2944910e1191
"2025-07-28 08:11:03",113,dda9b7b2060a8e093e82f5f17a79f96d50a5370b
"2025-07-28 08:21:04",115,17231c4786726151bb1dc3d5df7675bfce285f18
"2025-07-28 08:31:04",122,21705834f9774720b82b41f75cda91531e0aff09
"2025-07-28 08:41:04",124,bd7cd39b6beb0a687429a9a834df8cd7964029e9
"2025-07-28 08:51:03",125,4c3e3d02f5ec375c24a9d0567dbb0a6537ff8a1a
"2025-07-28 09:01:04",126,29f25d0a6590adaa28c4db523aa6a08a90946050
"2025-07-28 09:11:04",130,bb05eb55c01a26c82afbdc7ac1b2cce50e795abf
"2025-07-28 09:21:04",134,ec88c5a703ad894d5b2979ca417f12a611b3975c
"2025-07-28 09:41:04",135,975c95025cff8b2654eb3501938b0fe342c291b4
"2025-07-28 09:51:04",137,7bea34d2c5d7f0780e9193d031b6564eb3985ffb
"2025-07-28 10:01:04",137,9949e3a8fc8798679bcbfdc267bef46f2787c1eb
"2025-07-28 10:11:03",139,1066c97f560356bed3719e55eaf290bd62cd069a
"2025-07-28 10:21:04",139,4a340b08bc3787131d5776b9f4512da29088edb1
"2025-07-28 10:31:05",139,dead84f7dfc7527b2c117c0d7a800f37a3e64b90
"2025-07-28 10:41:04",142,a888a4039cd8d4f583e6d9d2872091eb75d97ed3
"2025-07-28 11:01:04",143,918bf2b4ed2256325da31e6c09a0271b4e63b4dc
"2025-07-28 11:11:04",145,79651975afc1d247bea972c77d68d86af0836cd1
"2025-07-28 11:21:04",145,cb4fa704ecfabf0748bfe082729a13eefe260b56
"2025-07-28 11:31:03",145,69a9771fb54c2e740cfa98202cfcb11358cb7263
"2025-07-28 11:41:04",146,12da6e8fd1d75c297b02758f30928ee0ae6c6e9f
"2025-07-28 11:51:04",146,945108501314dfaef8e20132ab9aa0a8d152d037
"2025-07-28 12:01:04",146,0df2c08ec795c43c43ce5cb80c81256bc77e7a68
"2025-07-28 12:11:04",146,6b46d4484b1cee69a1bebe473372aa6e8a5e525e
"2025-07-28 12:21:04",149,bdface232d101538754302eadc2882fdd70590f6
"2025-07-28 12:31:03",149,83f370fc20fa6d8b7e09ab1ccd36b3c6d1b0dd3f
"2025-07-28 12:41:04",151,014a16b6dcea77c99f8bdc007164e08a10a0e9d1
"2025-07-28 12:51:04",151,deaa153a77a6bc86342e069c647ab87d20e63fca
"2025-07-28 13:01:04",152,42fed5e6a399e2cdc71996c80e8ab21805e7cfcf
"2025-07-28 13:11:04",152,5357a0ca5371df912e654e1997e635a58edc24a6
"2025-07-28 13:21:04",153,ef8c309f182cc3a2bd979d26e053f80dfd74ff97
"2025-07-28 13:41:04",153,1f1f069d49ad6f078b8294cd1f7d469c7e670b07
"2025-07-28 13:51:04",154,5bbacd580a5cfa8cb85fdadb15f22cd9867af8ef
"2025-07-28 14:01:04",155,eec06553ba81e99d47f4c981a6e817005d63a899
"2025-07-28 14:11:03",156,af8af5b28836901783fe317b7cb100e35cdc6fcf
"2025-07-28 14:21:03",156,5c23426e29f7c106a9ec0678c4258b6a7864321a
"2025-07-28 14:31:04",156,162fce973d95591665d63fdd075ee723899ee8d7
"2025-07-28 14:41:04",157,6da6511e406e97c45e409aea598ce1007f3d5e28
"2025-07-28 14:51:03",157,3fc5ea12b11e023cbdb73fb2987a1cc108236fd2
"2025-07-28 15:11:03",158,d9e0a6a63a94c6dd3d42574b65e852566b68682e
"2025-07-28 15:21:04",158,61d27f7bbb9cf1b049302fbef88f910a95996a86
"2025-07-28 15:31:04",159,af01576782a1449072cec44c6cdfe45ff4d57ec7
"2025-07-28 15:41:04",159,ff83cf9fbd7f64fdd300682a9823746fd69afa9b
"2025-07-28 15:51:04",160,dfb82d0e3d084e250712f6a046373a2e63aa59ff
"2025-07-28 16:41:04",160,066f3c91c71d095560c2d6a322ad01496c52a90a
"2025-07-28 17:21:04",161,17a8419bed3c4615b9a5621b9aba9a2c4d8133c1
"2025-07-28 17:31:04",161,0d34104dd8589c2cf888713c42bfa78a90a9d768
"2025-07-28 17:41:04",163,97692830cb0ea707bedb83206d2ed6128566b007
"2025-07-28 17:51:04",164,e3e54f7559dcc3e2b434c7651eb9a161c78b3cf2
"2025-07-28 18:01:03",164,4969ffd927816836bc0e8d3d903c3a69b81ad5e9
"2025-07-28 18:31:04",164,3a80c30efcb0ea4c6ffc0cd7e7d2b955e376379b
"2025-07-28 22:31:04",164,9cc14ccae324e84c9c825135739f2ac1273fde28
"2025-07-28 23:11:04",164,18df1f713e5e1aa0cd34eab13caa7b4289283b31
"2025-07-28 23:51:04",165,121298f6bab96200e23c5f7c2298c11390cfe6b7
"2025-07-29 00:01:05",165,72a72f17671ba83d0606817c16d160cece85516f
"2025-07-29 00:11:04",165,42a4b794f43ab9dd696209b1d8e679692ab57db9
"2025-07-29 00:41:04",165,6b732b2ab3368bc754307c1749e90462fa7f3c09
"2025-07-29 00:51:04",166,fb4cb01b1ed2acbcfa69f80aad1262dfcdaa0e10
"2025-07-29 01:01:04",170,f4dc593a37ef803c596c115dfa8a0afb9a67cf37
"2025-07-29 01:11:04",170,c5969e61526aab5ed6a810b2cfabb6a01b3cee60
"2025-07-29 01:21:04",170,da91e9f9cab19aba3ef4e40dcf7aa7c776503ad9
"2025-07-29 01:31:04",171,959943432d7102c44e480e424f446eda79620827
"2025-07-29 01:51:05",173,5ec6710228a60edcad9432632342b3cb08b8363a
"2025-07-29 02:01:05",173,3c6d097ee4ac07e282d911fce31fdf98d3eab2a4
"2025-07-29 02:11:05",173,d837a0053214b37b28871ee084b0311b43dede0d
"2025-07-29 02:31:04",174,442652ae3d3d3671d74cb1784320e133db326bd8
"2025-07-29 02:41:04",175,cc45b23ab3c0d237544666a4b85ddcbf2e5a2464
"2025-07-29 02:51:05",175,84bda2329246edcec438eda8fda92a18bf76db55
"2025-07-29 03:01:05",177,35b902e1701e34a42f22c069ce4df7746cbbafbc
"2025-07-29 03:11:04",179,9cac95c5e912a948a06772d5f21d84178775fcd2
"2025-07-29 03:21:04",180,2147ad3900e1d7ff810c80318efcaed5ff4d1473
"2025-07-29 03:31:04",181,44457647519acf1066f8b2a2d4506c1eb24f5a5a
"2025-07-29 03:41:05",182,846ca0d3e37614f905c0f0d94e4b30327031fee8
"2025-07-29 03:51:04",187,ddbfccb93a44324cdcd40ed358bf8717b5b955e5
"2025-07-29 04:01:05",194,0f1952ab70aef7645fe412efc088bff658a0923e
"2025-07-29 04:11:04",193,891d51ba909372b60afdd044caa86bcec7ffe8f4
"2025-07-29 04:21:04",193,cfc25bd6ba33728856e9300e076b4d4b8487e7db
"2025-07-29 04:31:05",193,6b171f38e87c35d4cae8ac88c236955544481f99
"2025-07-29 04:41:04",193,df007fcb51dab1f9b5650faf4e3e142319208c90
"2025-07-29 05:11:04",195,dbcd9efdd35d8a83f60357a1168ff6e4623eb995
"2025-07-29 05:21:05",195,48546c7bab2a5dc144ddad6fd2c6c702c3154b7d
"2025-07-29 05:31:04",196,f96ea69809e8cb9534ab965d07a527a19b52213d
"2025-07-29 05:41:04",196,3d99f764b1181b626e6886a5c3b49e6315f4730c
"2025-07-29 05:51:04",196,0928aaf014ae70b0b8b0baa5b2f7da4b676a607d
"2025-07-29 06:01:04",197,aa95a1c9869afec0564be9046753297ff45a6555
"2025-07-29 06:11:04",201,8c0578ed851c71925c1f39d9eefcf3b88a35626c
"2025-07-29 06:21:05",202,9d92950bd20c987b90516a397112b8891135bd7c
"2025-07-29 06:31:04",202,56b3022fc7759c880897c55cc6e5778d87ccd533
"2025-07-29 06:51:04",202,d812a15b7c7f21477158eee94bee69aae123073c
"2025-07-29 07:01:05",202,ddbb3f977d2c539c1faaa65ddeb05c289712c783
"2025-07-29 07:11:04",205,49aff2b68def8f0193315c5ef981c04bc064226b
"2025-07-29 07:21:04",205,2a21b4cc9e1e6e75cc0b70fdfb7181ded1868049
"2025-07-29 07:31:04",205,26d3203e74ed049f3f5860411d13bdda8a62bfd4
"2025-07-29 08:11:03",206,e6e561a9c78c455ed63db5b5236f965d0a2b6bd4
"2025-07-29 08:21:04",207,dbea77da24926da7c90e7c8903c2e1c31ab2d349
"2025-07-29 08:31:04",207,08e98ebb2a96cbab368e68145bc179b64c7798ec
"2025-07-29 09:01:03",207,1200a35a2a8ce5409bcf627def3b234491461bef
"2025-07-29 09:11:04",208,6ba7ac369e921dc59e72aa2e3f5970839b753e07
"2025-07-29 09:21:04",208,d747d31476e573dbcb754b4c3e1ea7090ec6b5e2
"2025-07-29 09:31:03",209,76f1ed1578225babcd211b332031c7d30ea68b91
"2025-07-29 09:41:04",210,1bb14d25694ae16ca0285702aa28b516aaec3ae5
"2025-07-29 10:11:04",212,af14eafb32f321a2428267c5a869cfa88aeb3746
"2025-07-29 10:31:03",213,3d120a8c609e7e31d28c6b2f645e0f18074cedea
"2025-07-29 10:41:04",214,c80d4f74884c1cbe4b336c4506fef1e1fbb059c5
"2025-07-29 10:51:03",214,e600582d004a63003b3856d6bab3580cee21bea5
"2025-07-29 11:01:04",214,31d4b490062df9979d38c9039aae1f74df28338c
"2025-07-29 11:11:04",214,cc3b15a5a0c1230351fd7c05e6ce8dcf5ee40c76
"2025-07-29 11:21:03",215,aadc9ef162407de652a85e88369e11e16ff3f8d1
"2025-07-29 11:31:04",215,c9d51eae9c00364fa3894b74c1203f4208a6f7f7
"2025-07-29 11:41:04",215,73595020b93b0c5ad0c44d2c610095827b8f6e7e
"2025-07-29 11:51:04",215,0bb6a6e586896b20b25e52dcf9b3ffae0ef34414
"2025-07-29 12:01:04",215,2f9d9a7de9b8879bfe7b5aedfeec2cd6d761ccae
"2025-07-29 12:11:03",215,2a16a30fdf322d75534bc623ba4f0e01a5df1af1
"2025-07-29 12:21:04",215,c45568f8f4929fdf7ca78bfebc16af95bc92f1c5
"2025-07-29 12:31:03",216,9921a2e7090aa8e8e653c2deda42bbded06e3927
"2025-07-29 12:41:04",218,9cfdadf0b047311964ab68e3db1296703a9d9d9c
"2025-07-29 12:51:04",219,e4db52eae56d9099ee0422d831491c8054a9ed52
"2025-07-29 13:01:04",219,dd6350d5d01b1c49aa6a2515b0ec0cbe64f6b822
"2025-07-29 13:11:03",220,8f24d0018a69645adb961df0bc309e913cb63a33
"2025-07-29 13:21:04",224,38b5682b1aa54cc22833baaf7ab5c6437da2c05e
"2025-07-29 13:31:04",226,64625a7e2839b6d45982a3007b32671d61aaf5b5
"2025-07-29 13:51:04",226,48cf1952f84e8eb079a9a13a83bf674bc6d1795f
"2025-07-29 14:01:04",227,c7ff48c7c0635a16ebbbb2d9f59cc600d83d5271
"2025-07-29 14:11:04",227,438aafef06bf744ed82dcfc1b825dbd23a1af6dc
"2025-07-29 14:31:04",228,ebe45933ebcfbbebfebbe0b72227c6baf50f0aa4
"2025-07-29 14:41:04",228,37332bb53231023fcfb658fb89665f3889bed6bc
"2025-07-29 14:51:04",229,66c9e6fb5dcccc4b24b7ebf64492e3d298f96858
"2025-07-29 15:01:04",229,ae759d83c14ba76f708814d231bd9d4c9630d3e3
"2025-07-29 15:11:04",229,b27244655347dcaa56bbc4878efa760652886b2b
"2025-07-29 15:31:04",229,f7f8bc0ca878cec57946e80378d0a669edc283d6
"2025-07-29 15:51:04",229,2bb5273e7665b5059a715cac7253e54cc7249c29
"2025-07-29 16:01:04",229,c616cc3a84d9e4b9501cbed1d4b7124c14704764
"2025-07-29 16:11:04",229,a522fbe3c73938064c803debc4dc6fc5cc0e21c9
"2025-07-29 16:41:04",229,a956531f5f87db26b0162c12b2503e8909b3c50f
"2025-07-29 21:51:04",229,96c1e4d41f36fa0d23fd875941c4c2bf10338ff3
"2025-07-29 22:01:04",230,b6585f7ac01e0032a29c9a2e0173c35f84399f40
"2025-07-29 22:21:04",231,81b390a9e29a7a2551717b8e90efd6fa0c35c86d
"2025-07-29 22:41:04",232,cbf94536e37f508e3e99f1da838fe109aceb5d7c
"2025-07-29 22:51:04",237,8cd404073f9b1b05845607d74104c259109cec1a
"2025-07-29 23:01:04",237,516281f79197ae46ada1b6bf13119d657265cc75
"2025-07-29 23:21:04",240,d4797004526ba3a6de2f299fd55872763d7d265e
"2025-07-29 23:31:04",242,b49710c9d3a39be1b160d48b220536eab9dec2a2
"2025-07-29 23:41:04",243,31634fe8240aee1fc47f0cc5e44b0a099e50009c
"2025-07-29 23:51:04",243,b394f73c090d79f5296d49a40cd88a97d9f9193a
"2025-07-30 00:11:04",243,e0cde3267c2a8094750bb76825218d7890b57968
"2025-07-30 00:21:04",243,3321aba87024cacf37f39030f7cc699c79b4bd40
"2025-07-30 00:31:04",245,ee203deb924bdbd6cc74fce3d881c02078bef5d3
"2025-07-30 00:41:04",247,0113b197a78f1bf4f2abde3edf9a56acc74c4509
"2025-07-30 00:51:04",249,aa615bc8dcd7f2a20c44b232537630ae918a2e66
"2025-07-30 01:01:04",252,b3e1511e4f54836d76889d0dc99a94b28856f12b
"2025-07-30 01:11:04",252,a2482cf8d299764cbb44471eb9b1791ff64924e4
"2025-07-30 01:21:04",257,efcf56c79156585acf28760f5177af3b2dd40a71
"2025-07-30 01:31:04",261,2979f7e99bdb79a8de65d96abf956beec2b5456a
"2025-07-30 01:41:04",261,bd1df81b99620c2e4ae86693b56581e93d490a52
"2025-07-30 01:51:04",263,12ee6738f48a67a8459c8a9e6279b1c840e3b568
"2025-07-30 02:01:05",264,95a1137c2c53635ca016a5a2262ea3e835113dc8
"2025-07-30 02:11:04",267,7a564b65b4f67e8d350989264c8c7af1c711d874
"2025-07-30 02:21:04",268,46e28ffa134cd6ae2b389738f7bfcd552e6e38bb
"2025-07-30 02:31:04",269,9a68e4aabd97f86546603fcb1538350aa429dbfc
"2025-07-30 02:41:04",269,a0d694930c28c575a073b1b67b513a13817bab27
"2025-07-30 02:51:04",272,7612d72cd864f4c60c935e521a595b110349f24d
"2025-07-30 03:01:04",274,622fe26ad5c3f816f2c9bee507d8c868e69e38d1
"2025-07-30 03:11:04",275,19d94107b343d1e94c5dc05d26c9e665d086b810
"2025-07-30 03:21:04",276,ea83390a52564068b9c0c3ab1c569cdeba6c4eed
"2025-07-30 03:31:04",276,f97a41d2313cbd730deeafe9e1f0f8f8f7b51215
"2025-07-30 03:41:04",276,97c507880b185cc5dce01e0cd3d8e848275a2635
"2025-07-30 03:51:04",280,0de54785fa1e66414d7dd52e3229eac5b2b91c11
"2025-07-30 04:01:04",280,8f151f34672e0c586c35b4379e4605524ac4f3fc
"2025-07-30 04:11:04",284,3175d25e5f48f329ea4f27766bd4f8c4e659b914
"2025-07-30 04:21:04",285,b7feb1c69d48b264edf273c9677b0676a97d50cd
"2025-07-30 04:31:04",285,6e282cf0bb0201c0e80e2e3038709c0c30a9fe91
"2025-07-30 04:41:04",286,cb1b47edbca6d228332199c582e0d05ff0d50bb5
"2025-07-30 04:51:04",287,cbe98c4ad5ac47a9481c0faf2026fed8ce9f9aae
"2025-07-30 05:01:04",289,831f6cf11801f3d1f8a8779d79f61d13d2c230b3
"2025-07-30 05:11:04",291,a6fc20449b6805346b12cc5617ee39040a58dd81
"2025-07-30 05:21:04",293,8b3cc1f0e80afad1af03bf933e6e22814792dc64
"2025-07-30 05:31:04",296,4de9a8cb5c5a77c43bbc6d7b351b381066199f20
"2025-07-30 05:41:04",296,e396ab9ede67302e680da6fa4f2021a8ad7c4eab
"2025-07-30 05:51:04",299,8f7f2ba907dd88809037bb4398aab01a3ba77876
"2025-07-30 06:01:04",301,d56e482f03f7d03c1ba3e99648988c48a7f7b108
"2025-07-30 06:11:04",302,c0cdd6933a82b03e017674dffacb2da4b56fb9a2
"2025-07-30 06:21:04",303,9bc5c952065f4ceda1dd96bd5e4ae9e61b725a44
"2025-07-30 06:31:04",304,8278715e90adbd549f9c9dc0c321e9857b537e88
"2025-07-30 06:51:04",305,af26aa8bc1ff85c7e5d0c3d46b7c7d7e836d40c6
"2025-07-30 07:21:04",308,a240cae474ea800dc6bc84bd0cb6f6cdeab1c35f
"2025-07-30 07:31:04",308,eeb93faca4cf7efa7f6b8734018410cbe1a6afb4
"2025-07-30 07:51:04",308,40ef6a54f8b5bd3227d2636f61f6c9b9469766c0
"2025-07-30 08:11:04",310,716e66a165796a2d0c0dedfe1fffa4c71b3d9c32
"2025-07-30 08:21:04",311,6f1645caf2acaa6e11bbde09d8f39b253ea6d9f6
"2025-07-30 08:31:04",311,1cadbcfcb6131d028a6ba775a42778fa96f8391c
"2025-07-30 08:41:03",311,7a6719e54a95bbd757f61a2f42fc9486c00425d4
"2025-07-30 08:51:04",311,5b7f5f0f92fb0f7683002d4a60f93e3af0878b9d
"2025-07-30 09:11:04",313,b683fbee0902c5ee10bbf20188303d1415c10cc9
"2025-07-30 09:21:04",313,16d710444ff0cb67332d651a6870db492025d19f
"2025-07-30 09:31:04",313,7ee7d7ce3f0e73fd4be126bfb9329440d632a91b
"2025-07-30 09:41:03",313,680780ac618e852e22c512f46c02247e109d0e68
"2025-07-30 09:51:03",314,1d7d8b3dd53f7ad7d53136dfd9afd9ab53e323b6
"2025-07-30 10:01:04",316,6924b4d7373517645d7970e69921f79b0cc27708
"2025-07-30 10:11:04",316,0a2d96fae97afb9e4fe77948337b50d121bc6baa
"2025-07-30 10:21:04",317,7c96969588b4e6d773b85881114e353a6bb29e19
"2025-07-30 10:41:04",317,9fc56c5da9aef8b1d1a94e94c8c1d41f2afa3471
"2025-07-30 10:51:04",317,bb77560ba4143d89d2459ae2521d6306b1ec63ea
"2025-07-30 11:01:03",318,d5a4021ab272773d4e8f110b1c28051be694037b
"2025-07-30 11:21:04",318,c30ff11bfa7fc2dd79904414a7ce637778dad4d7
"2025-07-30 11:41:04",318,da841df4bafe38dc2f7ddac6ddfcdcb807334d77
"2025-07-30 11:51:04",319,229d585ee614303864b70e263bd13ae78ba62308
"2025-07-30 12:01:04",319,d6641c4c1af354b3b7cd8accdcce1731f899f677
"2025-07-30 12:11:04",319,d65a4bcd5290be6e6e19eafa1260abf35e57da01
"2025-07-30 12:21:04",319,7ac2efd19d822c02ca9185512e8a366f69fa9905
"2025-07-30 12:41:04",319,e6a311a291cc12b48f48f4554266bbf31b98dbc5
"2025-07-30 13:01:04",320,5a8c32c0d2a1c73988321fc09c71bcb25f3b7f4f
"2025-07-30 13:21:04",320,d46eaf64f7ed7a77bbc372246c26fd77f3371291
"2025-07-30 13:51:04",321,92d035fb65a215077842ef6ee38632f3b4214712
"2025-07-30 14:01:03",322,82282c701164ee0dba053a331e572f47d9caff27
"2025-07-30 14:11:03",325,78a70e878b78a2eb46c1f598480f40db8de18041
"2025-07-30 14:21:04",326,82f2fcd63ee80dfea90f09a3323a4dc61b371a65
"2025-07-30 14:31:04",327,f02ccd4bf75996adc531863ff533cb2a81b334c7
"2025-07-30 14:41:04",328,acb131e4f314fe447167ea93ecb8fd14dd80ec58
"2025-07-30 15:11:04",329,61d26d0f02d2de6d2e35c7299f7e77047e1f882a
"2025-07-30 15:21:04",331,50e0c09a4d1bf38f323e23564ac4d330ec9e7eca
"2025-07-30 15:31:04",333,563032e02c8f622102d8d7ed093f6e3ceda43ab4
"2025-07-30 15:41:04",335,b17178b0cfe8353d0c9d75d303b418b9588f137c
"2025-07-30 15:51:04",336,276f73f7b73fba559aa036d7d58e695a53637716
"2025-07-30 16:01:03",336,9fb74929c034ba8b4844f8ba309b035a40f8b47c
"2025-07-30 16:11:04",337,ec4496edec7cd1961e2a41cfb6d3ea6af9a6a263
"2025-07-30 16:21:04",338,c755901ccb627373872f5f7d7c751880786feb49
"2025-07-30 16:51:04",338,76bb7fb13c0511e1c53bf64633fc3d08c4b454ef
"2025-07-30 17:01:04",338,4c0a3f1c0ff9c90215c513749ea972a3056f3ecc
"2025-07-30 17:21:03",338,caa8e80527cd30daa5dc03d802e38c4aac313240
"2025-07-30 17:31:04",339,36fb9c6e67f0945efe4a7a0e1e896323d1a87098
"2025-07-30 20:11:04",340,2bedb9829fa3e47e3048b250b0df89a22aa1c75a
"2025-07-30 20:31:04",341,78ed297898a3bfcdd1f8921dab23b621b0cc75c4
"2025-07-30 21:11:04",342,85dca87ab2edbd4e29a55fc1eb672d0196e9c757
"2025-07-30 21:31:04",342,f106b44840b4b0655635f9b00ec3691a2cd041cf
"2025-07-30 21:41:04",343,7dbe3eac68427a637cb69dd9af04fa9e4e7e991a
"2025-07-30 21:51:04",345,64510e2087f5ef0b178390db16e932218d3d8a9e
"2025-07-30 22:01:04",346,e22c962ebc2a4fb86445054d543ed5c388b94c6a
"2025-07-30 22:11:04",349,fb6cec73cd30cfbfc409fa2e8898f9fd66977b23
"2025-07-30 22:21:04",349,d6f6f2e82662ccc8e1dcffc01e7358a6e705a67f
"2025-07-30 22:51:04",351,e7d0d1dad20d92ef132a6446161bfe2af98fedb9
"2025-07-30 23:11:04",354,624a402aec87602e2567a814f73574bce69028b5
"2025-07-30 23:21:04",356,5153ed3e40e900adb5f6e8f17c9029e8cd706cd6
"2025-07-30 23:31:04",359,00f45299935b2a54177cf4e9b011b080592f228b
"2025-07-30 23:41:04",362,b95c82ed062a7cab48afd61a9e2175ac92705d76
"2025-07-30 23:51:04",363,dc794d361634943779e210c2e00f36367c55be82
"2025-07-31 00:01:04",364,2e6a509ef3584afd28c914244bd919c1da51e9f8
"2025-07-31 00:11:04",366,59057f8f3d92711a82d5a0281f6dc5fe28ecadd9
"2025-07-31 00:21:04",368,86209d3f48c7dfee96e4c83fbf90ca13a32acb52
"2025-07-31 00:31:04",371,bfdecba79bcbdaca9ce0fc60358c47c5aaa60619
"2025-07-31 00:41:04",372,36da16113782941e250a71275c9b68f57f10de41
"2025-07-31 00:51:04",373,9ebc6b97d4c44f8c39b708f47c2d7a54756b7114
"2025-07-31 01:01:03",380,c24d804b60407a98f0b10060ebf37ce4034e780f
"2025-07-31 01:11:04",383,3b0b30af7f47bccc737427ddc878711bdfe9a1d9
"2025-07-31 01:21:04",390,6629c6be578861e8e85e1ffc6a7b837c7bc0d03b
